<?xml version="1.0" encoding="US-ASCII"?>
<l:l10n xmlns:l="http://docbook.sourceforge.net/xmlns/l10n/1.0" language="zh_tw" english-language-name="Chinese (Traditional)">

<!-- This file is generated automatically. -->
<!-- Do not edit this file by hand! -->
<!-- See http://docbook.sourceforge.net/ -->
<!-- To update this file: edit the corresponding document at -->
<!-- http://cvs.sourceforge.net/cgi-bin/viewcvs.cgi/docbook/gentext/locale/ -->

   <l:gentext key="Abstract" text="&#25688;&#35201;"/>
   <l:gentext key="abstract" text="&#25688;&#35201;"/>
   <l:gentext key="Answer" text="&#31572;&#65306;"/>
   <l:gentext key="answer" text="&#31572;&#65306;"/>
   <l:gentext key="Appendix" text="&#38468;&#37636;"/>
   <l:gentext key="appendix" text="&#38468;&#37636;"/>
   <l:gentext key="Article" text="&#25991;&#31456;"/>
   <l:gentext key="article" text="&#25991;&#31456;"/>
   <l:gentext key="Bibliography" text="&#21443;&#32771;&#25991;&#29563;"/>
   <l:gentext key="bibliography" text="&#21443;&#32771;&#25991;&#29563;"/>
   <l:gentext key="Book" text="&#26360;&#30446;"/>
   <l:gentext key="book" text="&#26360;&#30446;"/>
   <l:gentext key="CAUTION" text="&#27880;&#24847;"/>
   <l:gentext key="Caution" text="&#27880;&#24847;"/>
   <l:gentext key="caution" text="&#27880;&#24847;"/>
   <l:gentext key="Chapter" text="&#31456;"/>
   <l:gentext key="chapter" text="&#31456;"/>
   <l:gentext key="Colophon" text="&#29256;&#26412;&#35352;&#37636;"/>
   <l:gentext key="colophon" text="&#29256;&#26412;&#35352;&#37636;"/>
   <l:gentext key="Copyright" text="&#29256;&#27402;"/>
   <l:gentext key="copyright" text="&#29256;&#27402;"/>
   <l:gentext key="Dedication" text="&#22857;&#29563;"/>
   <l:gentext key="dedication" text="&#22857;&#29563;"/>
   <l:gentext key="Edition" text="&#29256;"/>
   <l:gentext key="edition" text="&#29256;"/>
   <l:gentext key="Equation" text="&#26041;&#31243;&#24335;"/>
   <l:gentext key="equation" text="&#26041;&#31243;&#24335;"/>
   <l:gentext key="Example" text="&#31684;&#20363;"/>
   <l:gentext key="example" text="&#31684;&#20363;"/>
   <l:gentext key="Figure" text="&#22294;&#24418;"/>
   <l:gentext key="figure" text="&#22294;&#24418;"/>
   <l:gentext key="Glossary" text="&#23567;&#36781;&#24409;"/>
   <l:gentext key="glossary" text="&#23567;&#36781;&#24409;"/>
   <l:gentext key="GlossSee" text="&#21443;&#35211;"/>
   <l:gentext key="glosssee" text="&#21443;&#35211;"/>
   <l:gentext key="GlossSeeAlso" text="&#21478;&#21443;&#35211;"/>
   <l:gentext key="glossseealso" text="&#21478;&#21443;&#35211;"/>
   <l:gentext key="IMPORTANT" text="&#37325;&#35201;"/>
   <l:gentext key="Important" text="&#37325;&#35201;"/>
   <l:gentext key="important" text="&#37325;&#35201;"/>
   <l:gentext key="Index" text="&#32034;&#24341;"/>
   <l:gentext key="index" text="&#32034;&#24341;"/>
   <l:gentext key="ISBN" text="ISBN"/>
   <l:gentext key="isbn" text="ISBN"/>
   <l:gentext key="LegalNotice" text="&#27861;&#24459;&#32882;&#26126;"/>
   <l:gentext key="legalnotice" text="&#27861;&#24459;&#32882;&#26126;"/>
   <l:gentext key="MsgAud" text="&#35712;&#32773;"/>
   <l:gentext key="msgaud" text="&#35712;&#32773;"/>
   <l:gentext key="MsgLevel" text="&#31243;&#24230;"/>
   <l:gentext key="msglevel" text="&#31243;&#24230;"/>
   <l:gentext key="MsgOrig" text="&#20986;&#34389;"/>
   <l:gentext key="msgorig" text="&#20986;&#34389;"/>
   <l:gentext key="NOTE" text="&#27880;"/>
   <l:gentext key="Note" text="&#27880;"/>
   <l:gentext key="note" text="&#27880;"/>
   <l:gentext key="Part" text="&#37096;"/>
   <l:gentext key="part" text="&#37096;"/>
   <l:gentext key="Preface" text="&#24207;&#35328;"/>
   <l:gentext key="preface" text="&#24207;&#35328;"/>
   <l:gentext key="Procedure" text="&#36942;&#31243;"/>
   <l:gentext key="procedure" text="&#36942;&#31243;"/>
   <l:gentext key="ProductionSet" text="Production"/>
   <l:gentext key="Published" text="&#20986;&#29256;"/>
   <l:gentext key="published" text="&#20986;&#29256;"/>
   <l:gentext key="Question" text="&#21839;&#65306;"/>
   <l:gentext key="question" text="&#21839;&#65306;"/>
   <l:gentext key="RefEntry" text="&#21443;&#29031;&#38917;&#30446;"/>
   <l:gentext key="refentry" text="&#21443;&#29031;&#38917;&#30446;"/>
   <l:gentext key="Reference" text="&#21443;&#32771;"/>
   <l:gentext key="reference" text="&#21443;&#32771;"/>
   <l:gentext key="RefName" text="&#21443;&#32771;&#21517;"/>
   <l:gentext key="refname" text="&#21443;&#32771;&#21517;"/>
   <l:gentext key="RefSection" text="&#21443;&#29031;&#31456;&#31680;"/>
   <l:gentext key="refsection" text="&#21443;&#29031;&#31456;&#31680;"/>
   <l:gentext key="RefSynopsisDiv" text="&#22823;&#32177;"/>
   <l:gentext key="refsynopsisdiv" text="&#22823;&#32177;"/>
   <l:gentext key="RevHistory" text="&#20462;&#35330;&#35352;&#37636;"/>
   <l:gentext key="revhistory" text="&#20462;&#35330;&#35352;&#37636;"/>
   <l:gentext key="Revision" text="&#20462;&#35330;"/>
   <l:gentext key="revision" text="&#20462;&#35330;"/>
   <l:gentext key="sect1" text="Section"/>
   <l:gentext key="sect2" text="Section"/>
   <l:gentext key="sect3" text="Section"/>
   <l:gentext key="sect4" text="Section"/>
   <l:gentext key="sect5" text="Section"/>
   <l:gentext key="Section" text="&#31680;"/>
   <l:gentext key="section" text="&#31680;"/>
   <l:gentext key="See" text="&#35211;"/>
   <l:gentext key="see" text="&#35211;"/>
   <l:gentext key="SeeAlso" text="&#21478;&#35211;"/>
   <l:gentext key="Seealso" text="&#21478;&#35211;"/>
   <l:gentext key="seealso" text="&#21478;&#35211;"/>
   <l:gentext key="Set" text="Set"/>
   <l:gentext key="set" text="Set"/>
   <l:gentext key="SetIndex" text="Set Index"/>
   <l:gentext key="setindex" text="Set Index"/>
   <l:gentext key="Sidebar" text=""/>
   <l:gentext key="sidebar" text=""/>
   <l:gentext key="Step" text="&#27493;&#39519;"/>
   <l:gentext key="step" text="&#27493;&#39519;"/>
   <l:gentext key="Table" text="&#34920;&#26684;"/>
   <l:gentext key="table" text="&#34920;&#26684;"/>
   <l:gentext key="TIP" text="&#25552;&#31034;"/>
   <l:gentext key="Tip" text="&#25552;&#31034;"/>
   <l:gentext key="tip" text="&#25552;&#31034;"/>
   <l:gentext key="WARNING" text="&#35686;&#21578;"/>
   <l:gentext key="Warning" text="&#35686;&#21578;"/>
   <l:gentext key="warning" text="&#35686;&#21578;"/>
   <l:gentext key="edited" text="&#32232;&#36655;"/>
   <l:gentext key="Edited" text="&#32232;&#36655;"/>
   <l:gentext key="editedby" text="&#32232;&#36655;"/>
   <l:gentext key="Editedby" text="&#32232;&#36655;"/>
   <l:gentext key="Notes" text="&#27880;"/>
   <l:gentext key="notes" text="&#27880;"/>
   <l:gentext key="Pgs" text="&#38913;"/>
   <l:gentext key="pgs" text="&#38913;"/>
   <l:gentext key="Revisedby" text="&#20462;&#35330;"/>
   <l:gentext key="revisedby" text="&#20462;&#35330;"/>
   <l:gentext key="TableNotes" text="&#27880;&#37323;"/>
   <l:gentext key="tablenotes" text="&#27880;&#37323;"/>
   <l:gentext key="TableofContents" text="&#20839;&#23481;&#30446;&#37636;"/>
   <l:gentext key="tableofcontents" text="&#20839;&#23481;&#30446;&#37636;"/>
   <l:gentext key="and" text="&#19988;"/>
   <l:gentext key="by" text="&#30001;"/>
   <l:gentext key="in" text="&#22312;"/>
   <l:gentext key="lastlistcomma" text=","/>
   <l:gentext key="listcomma" text=","/>
   <l:gentext key="nonexistantelement" text="&#19981;&#23384;&#22312;&#30340;&#20803;&#32032;"/>
   <l:gentext key="page.citation" text="&#38913;"/>
   <l:gentext key="unexpectedelementname" text="&#38750;&#38928;&#26399;&#30340;&#20803;&#32032;&#21517;"/>
   <l:gentext key="unsupported" text="&#26410;&#25903;&#25588;"/>
   <l:gentext key="xrefto" text="&#21443;&#29031;"/>
   <l:gentext key="ListofEquations" text="&#20844;&#24335;&#30446;&#37636;"/>
   <l:gentext key="listofequations" text="&#20844;&#24335;&#30446;&#37636;"/>
   <l:gentext key="ListofExamples" text="&#31684;&#20363;&#30446;&#37636;"/>
   <l:gentext key="listofexamples" text="&#31684;&#20363;&#30446;&#37636;"/>
   <l:gentext key="ListofFigures" text="&#38468;&#22294;&#30446;&#37636;"/>
   <l:gentext key="listoffigures" text="&#38468;&#22294;&#30446;&#37636;"/>
   <l:gentext key="ListofTables" text="&#38468;&#34920;&#30446;&#37636;"/>
   <l:gentext key="listoftables" text="&#38468;&#34920;&#30446;&#37636;"/>
   <l:gentext key="ListofUnknown" text="&#20854;&#23427;&#20839;&#23481;&#30446;&#37636;"/>
   <l:gentext key="listofunknown" text="&#20854;&#23427;&#20839;&#23481;&#30446;&#37636;"/>
   <l:gentext key="nav-home" text="&#20839;&#23481;"/>
   <l:gentext key="nav-next" text="&#19979;&#19968;&#38913;"/>
   <l:gentext key="nav-next-sibling" text="&#24555;&#36895;&#21521;&#24460;"/>
   <l:gentext key="nav-prev" text="&#21069;&#19968;&#38913;"/>
   <l:gentext key="nav-prev-sibling" text="&#24555;&#36895;&#21521;&#21069;"/>
   <l:gentext key="nav-up" text="&#19978;&#19968;&#23652;"/>
   <l:gentext key="sectioncalled" text="the section called"/>
   <l:gentext key="Draft" text="Draft"/>
   <l:gentext key="above" text="above"/>
   <l:gentext key="below" text="below"/>
   <l:gentext key="index symbols" text="Symbols"/>
   <l:dingbat key="startquote" text="&#34;"/>
   <l:dingbat key="endquote" text="&#34;"/>
   <l:dingbat key="nestedstartquote" text="'"/>
   <l:dingbat key="nestedendquote" text="'"/>
   <l:dingbat key="bullet" text="&#8226;"/>

   <l:context name="styles">
      <l:template name="person-name" text="first-last"/>
   </l:context>

   <l:context name="title">
      <l:template name="abstract" text="%t"/>
      <l:template name="answer" text="%t"/>
      <l:template name="appendix" text="&#38468;&#37636; %n. %t"/>
      <l:template name="article" text="%t"/>
      <l:template name="authorblurb" text="%t"/>
      <l:template name="bibliodiv" text="%t"/>
      <l:template name="biblioentry" text="%t"/>
      <l:template name="bibliography" text="%t"/>
      <l:template name="bibliomixed" text="%t"/>
      <l:template name="bibliomset" text="%t"/>
      <l:template name="biblioset" text="%t"/>
      <l:template name="blockquote" text="%t"/>
      <l:template name="book" text="%t"/>
      <l:template name="calloutlist" text="%t"/>
      <l:template name="caution" text="%t"/>
      <l:template name="chapter" text="&#31456; %n. %t"/>
      <l:template name="colophon" text="%t"/>
      <l:template name="dedication" text="%t"/>
      <l:template name="equation" text="&#26041;&#31243;&#24335; %n. %t"/>
      <l:template name="example" text="&#31684;&#20363; %n. %t"/>
      <l:template name="figure" text="&#22294;&#24418; %n. %t"/>
      <l:template name="formalpara" text="%t"/>
      <l:template name="glossary" text="%t"/>
      <l:template name="glossdiv" text="%t"/>
      <l:template name="important" text="%t"/>
      <l:template name="index" text="%t"/>
      <l:template name="indexdiv" text="%t"/>
      <l:template name="itemizedlist" text="%t"/>
      <l:template name="legalnotice" text="%t"/>
      <l:template name="listitem" text=""/>
      <l:template name="lot" text="%t"/>
      <l:template name="msg" text="%t"/>
      <l:template name="msgexplan" text="%t"/>
      <l:template name="msgmain" text="%t"/>
      <l:template name="msgrel" text="%t"/>
      <l:template name="msgset" text="%t"/>
      <l:template name="msgsub" text="%t"/>
      <l:template name="note" text="%t"/>
      <l:template name="orderedlist" text="%t"/>
      <l:template name="part" text="&#37096; %n. %t"/>
      <l:template name="partintro" text="%t"/>
      <l:template name="preface" text="%t"/>
      <l:template name="procedure" text="%t"/>
      <l:template name="procedure.formal" text="&#36942;&#31243;&#160;%n.&#160;%t"/>
      <l:template name="productionset" text="%t"/>
      <l:template name="productionset.formal" text="Production&#160;%n"/>
      <l:template name="qandadiv" text="%t"/>
      <l:template name="qandaentry" text="%t"/>
      <l:template name="qandaset" text="%t"/>
      <l:template name="question" text="%t"/>
      <l:template name="refentry" text="%t"/>
      <l:template name="reference" text="%t"/>
      <l:template name="refsect1" text="%t"/>
      <l:template name="refsect2" text="%t"/>
      <l:template name="refsect3" text="%t"/>
      <l:template name="refsynopsisdiv" text="%t"/>
      <l:template name="refsynopsisdivinfo" text="%t"/>
      <l:template name="segmentedlist" text="%t"/>
      <l:template name="set" text="%t"/>
      <l:template name="setindex" text="%t"/>
      <l:template name="sidebar" text="%t"/>
      <l:template name="step" text="%t"/>
      <l:template name="table" text="&#34920;&#26684; %n. %t"/>
      <l:template name="tip" text="%t"/>
      <l:template name="toc" text="%t"/>
      <l:template name="variablelist" text="%t"/>
      <l:template name="warning" text="%t"/>
   </l:context>

   <l:context name="title-unnumbered">
      <l:template name="appendix" text="%t"/>
      <l:template name="bridgehead" text="%t"/>
      <l:template name="chapter" text="%t"/>
      <l:template name="sect1" text="%t"/>
      <l:template name="sect2" text="%t"/>
      <l:template name="sect3" text="%t"/>
      <l:template name="sect4" text="%t"/>
      <l:template name="sect5" text="%t"/>
      <l:template name="section" text="%t"/>
      <l:template name="simplesect" text="%t"/>
   </l:context>

   <l:context name="title-numbered">
      <l:template name="appendix" text="&#38468;&#37636; %n. %t"/>
      <l:template name="bridgehead" text="%t"/>
      <l:template name="chapter" text="&#31456; %n. %t"/>
      <l:template name="sect1" text="%n. %t"/>
      <l:template name="sect2" text="%n. %t"/>
      <l:template name="sect3" text="%n. %t"/>
      <l:template name="sect4" text="%n. %t"/>
      <l:template name="sect5" text="%n. %t"/>
      <l:template name="section" text="%n. %t"/>
      <l:template name="simplesect" text="%n. %t"/>
   </l:context>

   <l:context name="subtitle">
      <l:template name="appendix" text="%s"/>
      <l:template name="article" text="%s"/>
      <l:template name="bibliodiv" text="%s"/>
      <l:template name="biblioentry" text="%s"/>
      <l:template name="bibliography" text="%s"/>
      <l:template name="bibliomixed" text="%s"/>
      <l:template name="bibliomset" text="%s"/>
      <l:template name="biblioset" text="%s"/>
      <l:template name="book" text="%s"/>
      <l:template name="chapter" text="%s"/>
      <l:template name="colophon" text="%s"/>
      <l:template name="dedication" text="%s"/>
      <l:template name="glossary" text="%s"/>
      <l:template name="glossdiv" text="%s"/>
      <l:template name="index" text="%s"/>
      <l:template name="indexdiv" text="%s"/>
      <l:template name="lot" text="%s"/>
      <l:template name="part" text="%s"/>
      <l:template name="partintro" text="%s"/>
      <l:template name="preface" text="%s"/>
      <l:template name="refentry" text="%s"/>
      <l:template name="reference" text="%s"/>
      <l:template name="refsect1" text="%s"/>
      <l:template name="refsect2" text="%s"/>
      <l:template name="refsect3" text="%s"/>
      <l:template name="refsynopsisdiv" text="%s"/>
      <l:template name="sect1" text="%s"/>
      <l:template name="sect2" text="%s"/>
      <l:template name="sect3" text="%s"/>
      <l:template name="sect4" text="%s"/>
      <l:template name="sect5" text="%s"/>
      <l:template name="section" text="%s"/>
      <l:template name="set" text="%s"/>
      <l:template name="setindex" text="%s"/>
      <l:template name="sidebar" text="%s"/>
      <l:template name="simplesect" text="%s"/>
      <l:template name="toc" text="%s"/>
   </l:context>

   <l:context name="xref">
      <l:template name="abstract" text="%t"/>
      <l:template name="answer" text="&#31572;&#65306;&#160;%n"/>
      <l:template name="appendix" text="&#38468;&#37636; %n. %t"/>
      <l:template name="article" text="%t"/>
      <l:template name="authorblurb" text="%t"/>
      <l:template name="bibliodiv" text="%t"/>
      <l:template name="bibliography" text="%t"/>
      <l:template name="bibliomset" text="%t"/>
      <l:template name="biblioset" text="%t"/>
      <l:template name="blockquote" text="%t"/>
      <l:template name="book" text="%t"/>
      <l:template name="calloutlist" text="%t"/>
      <l:template name="caution" text="%t"/>
      <l:template name="chapter" text="&#31456; %n. %t"/>
      <l:template name="colophon" text="%t"/>
      <l:template name="constraintdef" text="%t"/>
      <l:template name="dedication" text="%t"/>
      <l:template name="equation" text="&#26041;&#31243;&#24335;&#160;%n"/>
      <l:template name="example" text="&#31684;&#20363; %n. %t"/>
      <l:template name="figure" text="&#22294;&#24418; %n. %t"/>
      <l:template name="formalpara" text="%t"/>
      <l:template name="glossary" text="%t"/>
      <l:template name="glossdiv" text="%t"/>
      <l:template name="important" text="%t"/>
      <l:template name="index" text="%t"/>
      <l:template name="indexdiv" text="%t"/>
      <l:template name="itemizedlist" text="%t"/>
      <l:template name="legalnotice" text="%t"/>
      <l:template name="listitem" text="%n"/>
      <l:template name="lot" text="%t"/>
      <l:template name="msg" text="%t"/>
      <l:template name="msgexplan" text="%t"/>
      <l:template name="msgmain" text="%t"/>
      <l:template name="msgrel" text="%t"/>
      <l:template name="msgset" text="%t"/>
      <l:template name="msgsub" text="%t"/>
      <l:template name="note" text="%t"/>
      <l:template name="orderedlist" text="%t"/>
      <l:template name="part" text="&#37096; %n. %t"/>
      <l:template name="partintro" text="%t"/>
      <l:template name="preface" text="%t"/>
      <l:template name="procedure" text="&#36942;&#31243;&#160;%n"/>
      <l:template name="productionset" text="%t"/>
      <l:template name="qandadiv" text="%t"/>
      <l:template name="qandaentry" text="&#21839;&#65306;&#160;%n"/>
      <l:template name="qandaset" text="%t"/>
      <l:template name="question" text="&#21839;&#65306;&#160;%n"/>
      <l:template name="reference" text="%t"/>
      <l:template name="refsect1" text="%t"/>
      <l:template name="refsect2" text="%t"/>
      <l:template name="refsect3" text="%t"/>
      <l:template name="refsynopsisdiv" text="%t"/>
      <l:template name="segmentedlist" text="%t"/>
      <l:template name="set" text="%t"/>
      <l:template name="setindex" text="%t"/>
      <l:template name="sidebar" text="%t"/>
      <l:template name="table" text="&#34920;&#26684; %n. %t"/>
      <l:template name="tip" text="%t"/>
      <l:template name="toc" text="%t"/>
      <l:template name="variablelist" text="%t"/>
      <l:template name="varlistentry" text="%n"/>
      <l:template name="warning" text="%t"/>
      <l:template name="page.citation" text=" [%p]"/>
   </l:context>

   <l:context name="section-xref">
      <l:template name="bridgehead" text="&#8220;%t&#8221;"/>
      <l:template name="refsect1" text="&#8220;%t&#8221;"/>
      <l:template name="refsect2" text="&#8220;%t&#8221;"/>
      <l:template name="refsect3" text="&#8220;%t&#8221;"/>
      <l:template name="sect1" text="&#8220;%t&#8221;"/>
      <l:template name="sect2" text="&#8220;%t&#8221;"/>
      <l:template name="sect3" text="&#8220;%t&#8221;"/>
      <l:template name="sect4" text="&#8220;%t&#8221;"/>
      <l:template name="sect5" text="&#8220;%t&#8221;"/>
      <l:template name="section" text="&#8220;%t&#8221;"/>
      <l:template name="simplesect" text="&#8220;%t&#8221;"/>
   </l:context>

   <l:context name="section-xref-numbered">
      <l:template name="bridgehead" text="&#8220;%t&#8221;"/>
      <l:template name="refsect1" text="&#8220;%t&#8221;"/>
      <l:template name="refsect2" text="&#8220;%t&#8221;"/>
      <l:template name="refsect3" text="&#8220;%t&#8221;"/>
      <l:template name="sect1" text="&#31680; %n"/>
      <l:template name="sect2" text="&#31680; %n"/>
      <l:template name="sect3" text="&#31680; %n"/>
      <l:template name="sect4" text="&#31680; %n"/>
      <l:template name="sect5" text="&#31680; %n"/>
      <l:template name="section" text="&#31680; %n"/>
      <l:template name="simplesect" text="&#8220;%t&#8221;"/>
   </l:context>

   <l:context name="authorgroup">
      <l:template name="sep" text=", "/>
      <l:template name="sep2" text=" &#19988; "/>
      <l:template name="seplast" text=", &#19988; "/>
   </l:context>

   <l:context name="glossary">
      <l:template name="see" text="&#21443;&#35211; "/>
      <l:template name="seealso" text="&#21478;&#21443;&#35211; "/>
   </l:context>

   <l:context name="msgset">
      <l:template name="MsgAud" text="&#35712;&#32773;: "/>
      <l:template name="MsgLevel" text="&#31243;&#24230;: "/>
      <l:template name="MsgOrig" text="&#20986;&#34389;: "/>
   </l:context>
</l:l10n>
