<?xml version="1.0" encoding="US-ASCII"?>
<l:l10n xmlns:l="http://docbook.sourceforge.net/xmlns/l10n/1.0" language="id">

<!-- This file is generated automatically. -->
<!-- Do not edit this file by hand! -->
<!-- See http://docbook.sourceforge.net/ -->
<!-- To update this file: edit the corresponding document at -->
<!-- http://cvs.sourceforge.net/cgi-bin/viewcvs.cgi/docbook/gentext/locale/ -->

   <l:gentext key="Abstract" text="Abstrak"/>
   <l:gentext key="abstract" text="Abstrak"/>
   <l:gentext key="Answer" text="Jawab:"/>
   <l:gentext key="answer" text="Jawab:"/>
   <l:gentext key="Appendix" text="Lampiran"/>
   <l:gentext key="appendix" text="lampiran"/>
   <l:gentext key="Article" text="Artikel"/>
   <l:gentext key="article" text="Artikel"/>
   <l:gentext key="Bibliography" text="Bibliografi"/>
   <l:gentext key="bibliography" text="Bibliografi"/>
   <l:gentext key="Book" text="Buku"/>
   <l:gentext key="book" text="Buku"/>
   <l:gentext key="CAUTION" text="PERHATIAN"/>
   <l:gentext key="Caution" text="Perhatian"/>
   <l:gentext key="caution" text="Perhatian"/>
   <l:gentext key="Chapter" text="Bab"/>
   <l:gentext key="chapter" text="bab"/>
   <l:gentext key="Colophon" text="Kolofon"/>
   <l:gentext key="colophon" text="Kolofon"/>
   <l:gentext key="Copyright" text="Hak Cipta"/>
   <l:gentext key="copyright" text="Hak Cipta"/>
   <l:gentext key="Dedication" text="Dedikasi"/>
   <l:gentext key="dedication" text="Dedikasi"/>
   <l:gentext key="Edition" text="Edisi"/>
   <l:gentext key="edition" text="Edisi"/>
   <l:gentext key="Equation" text="Persamaan"/>
   <l:gentext key="equation" text="Persamaan"/>
   <l:gentext key="Example" text="Teladan"/>
   <l:gentext key="example" text="Teladan"/>
   <l:gentext key="Figure" text="Gambar"/>
   <l:gentext key="figure" text="Gambar"/>
   <l:gentext key="Glossary" text="Daftar Istilah"/>
   <l:gentext key="glossary" text="Daftar Istilah"/>
   <l:gentext key="GlossSee" text="Lihat"/>
   <l:gentext key="glosssee" text="Lihat"/>
   <l:gentext key="GlossSeeAlso" text="Lihat Juga"/>
   <l:gentext key="glossseealso" text="Lihat Juga"/>
   <l:gentext key="IMPORTANT" text="PENTING"/>
   <l:gentext key="Important" text="Penting"/>
   <l:gentext key="important" text="Penting"/>
   <l:gentext key="Index" text="Indeks"/>
   <l:gentext key="index" text="Indeks"/>
   <l:gentext key="ISBN" text="ISBN"/>
   <l:gentext key="isbn" text="ISBN"/>
   <l:gentext key="LegalNotice" text="Aspek Hukum"/>
   <l:gentext key="legalnotice" text="Aspek Hukum"/>
   <l:gentext key="MsgAud" text="Pemirsa"/>
   <l:gentext key="msgaud" text="Pemirsa"/>
   <l:gentext key="MsgLevel" text="Tingkatan"/>
   <l:gentext key="msglevel" text="Tingkatan"/>
   <l:gentext key="MsgOrig" text="Asal"/>
   <l:gentext key="msgorig" text="Asal"/>
   <l:gentext key="NOTE" text="CATATAN"/>
   <l:gentext key="Note" text="Catatan"/>
   <l:gentext key="note" text="Catatan"/>
   <l:gentext key="Part" text="Bagian"/>
   <l:gentext key="part" text="Bagian"/>
   <l:gentext key="Preface" text="Kata Pengantar"/>
   <l:gentext key="preface" text="Kata Pengantar"/>
   <l:gentext key="Procedure" text="Prosedur"/>
   <l:gentext key="procedure" text="Prosedur"/>
   <l:gentext key="ProductionSet" text="Production"/>
   <l:gentext key="Published" text="Diterbitkan"/>
   <l:gentext key="published" text="Diterbitkan"/>
   <l:gentext key="Question" text="Tanya:"/>
   <l:gentext key="question" text="Tanya:"/>
   <l:gentext key="RefEntry" text=""/>
   <l:gentext key="refentry" text=""/>
   <l:gentext key="Reference" text="Referensi"/>
   <l:gentext key="reference" text="Referensi"/>
   <l:gentext key="RefName" text="Nama"/>
   <l:gentext key="refname" text="Nama"/>
   <l:gentext key="RefSection" text=""/>
   <l:gentext key="refsection" text=""/>
   <l:gentext key="RefSynopsisDiv" text="Sinopsis"/>
   <l:gentext key="refsynopsisdiv" text="Sinopsis"/>
   <l:gentext key="RevHistory" text="Catatan Revisi"/>
   <l:gentext key="revhistory" text="Catatan Revisi"/>
   <l:gentext key="Revision" text="Revisi"/>
   <l:gentext key="revision" text="Revisi"/>
   <l:gentext key="sect1" text="Bagian"/>
   <l:gentext key="sect2" text="Bagian"/>
   <l:gentext key="sect3" text="Bagian"/>
   <l:gentext key="sect4" text="Bagian"/>
   <l:gentext key="sect5" text="Bagian"/>
   <l:gentext key="Section" text="Bagian"/>
   <l:gentext key="section" text="bagian"/>
   <l:gentext key="See" text="Lihat"/>
   <l:gentext key="see" text="Lihat"/>
   <l:gentext key="SeeAlso" text="Lihat Juga"/>
   <l:gentext key="Seealso" text="Lihat juga"/>
   <l:gentext key="seealso" text="Lihat Juga"/>
   <l:gentext key="Set" text="Set"/>
   <l:gentext key="set" text="Set"/>
   <l:gentext key="SetIndex" text="Indeks Set"/>
   <l:gentext key="setindex" text="Indeks Set"/>
   <l:gentext key="Sidebar" text=""/>
   <l:gentext key="sidebar" text="sidebar"/>
   <l:gentext key="Step" text="Tahap"/>
   <l:gentext key="step" text="tahap"/>
   <l:gentext key="Table" text="Tabel"/>
   <l:gentext key="table" text="Tabel"/>
   <l:gentext key="TIP" text="TIP"/>
   <l:gentext key="Tip" text="Tip"/>
   <l:gentext key="tip" text="Tip"/>
   <l:gentext key="WARNING" text="AWAS"/>
   <l:gentext key="Warning" text="Awas"/>
   <l:gentext key="warning" text="Awas"/>
   <l:gentext key="and" text="dan"/>
   <l:gentext key="by" text="oleh"/>
   <l:gentext key="Edited" text="disunting"/>
   <l:gentext key="edited" text="disunting"/>
   <l:gentext key="Editedby" text="disunting oleh"/>
   <l:gentext key="editedby" text="disunting oleh"/>
   <l:gentext key="in" text="di"/>
   <l:gentext key="lastlistcomma" text=","/>
   <l:gentext key="listcomma" text=","/>
   <l:gentext key="nonexistantelement" text="elemen tak tampak"/>
   <l:gentext key="notes" text="Catatan"/>
   <l:gentext key="Notes" text="Catatan"/>
   <l:gentext key="Pgs" text="Hal."/>
   <l:gentext key="pgs" text="Hal."/>
   <l:gentext key="Revisedby" text="Direvisi oleh: "/>
   <l:gentext key="revisedby" text="Direvisi oleh: "/>
   <l:gentext key="TableNotes" text="Catatan"/>
   <l:gentext key="tablenotes" text="Catatan"/>
   <l:gentext key="TableofContents" text="Daftar Isi"/>
   <l:gentext key="tableofcontents" text="Daftar Isi"/>
   <l:gentext key="unexpectedelementname" text="Nama Elemen seharusnya tidak ada"/>
   <l:gentext key="unsupported" text="tidak didukung"/>
   <l:gentext key="xrefto" text="xref ke"/>
   <l:gentext key="listofequations" text="Daftar Persamaan"/>
   <l:gentext key="ListofEquations" text="Daftar Persamaan"/>
   <l:gentext key="ListofExamples" text="Daftar Teladan"/>
   <l:gentext key="listofexamples" text="Daftar Teladan"/>
   <l:gentext key="ListofFigures" text="Daftar Gambar"/>
   <l:gentext key="listoffigures" text="Daftar Gambar"/>
   <l:gentext key="listoftables" text="Daftar Tabel"/>
   <l:gentext key="ListofTables" text="Daftar Tabel"/>
   <l:gentext key="ListofUnknown" text="Daftar Gaib"/>
   <l:gentext key="listofunknown" text="Daftar Gaib"/>
   <l:gentext key="nav-home" text="Depan"/>
   <l:gentext key="nav-next" text="Lanjut"/>
   <l:gentext key="nav-next-sibling" text="Lewati"/>
   <l:gentext key="nav-prev" text="Kembali"/>
   <l:gentext key="nav-prev-sibling" text="Sebelumnya"/>
   <l:gentext key="nav-up" text="Induk"/>
   <l:gentext key="sectioncalled" text="the section called"/>
   <l:gentext key="Draft" text="Draft"/>
   <l:gentext key="above" text="above"/>
   <l:gentext key="below" text="below"/>
   <l:gentext key="index symbols" text="Symbols"/>
   <l:gentext key="lowercase.alpha" text="abcdefghijklmnopqrstuvwxyz"/>
   <l:gentext key="uppercase.alpha" text="ABCDEFGHIJKLMNOPQRSTUVWXYZ"/>
   <l:dingbat key="startquote" text="&#8220;"/>
   <l:dingbat key="endquote" text="&#8221;"/>
   <l:dingbat key="nestedstartquote" text="&#8216;"/>
   <l:dingbat key="nestedendquote" text="&#8217;"/>
   <l:dingbat key="bullet" text="&#8226;"/>

   <l:context name="styles">
      <l:template name="person-name" text="first-last"/>
   </l:context>

   <l:context name="title">
      <l:template name="abstract" text="%t"/>
      <l:template name="answer" text="%t"/>
      <l:template name="appendix" text="Lampiran %n. %t"/>
      <l:template name="article" text="%t"/>
      <l:template name="authorblurb" text="%t"/>
      <l:template name="bibliodiv" text="%t"/>
      <l:template name="biblioentry" text="%t"/>
      <l:template name="bibliography" text="%t"/>
      <l:template name="bibliomixed" text="%t"/>
      <l:template name="bibliomset" text="%t"/>
      <l:template name="biblioset" text="%t"/>
      <l:template name="blockquote" text="%t"/>
      <l:template name="book" text="%t"/>
      <l:template name="calloutlist" text="%t"/>
      <l:template name="caution" text="%t"/>
      <l:template name="chapter" text="Bab %n. %t"/>
      <l:template name="colophon" text="%t"/>
      <l:template name="dedication" text="%t"/>
      <l:template name="equation" text="Persamaan %n. %t"/>
      <l:template name="example" text="Teladan %n. %t"/>
      <l:template name="figure" text="Gambar %n. %t"/>
      <l:template name="formalpara" text="%t"/>
      <l:template name="glossary" text="%t"/>
      <l:template name="glossdiv" text="%t"/>
      <l:template name="important" text="%t"/>
      <l:template name="index" text="%t"/>
      <l:template name="indexdiv" text="%t"/>
      <l:template name="itemizedlist" text="%t"/>
      <l:template name="legalnotice" text="%t"/>
      <l:template name="listitem" text=""/>
      <l:template name="lot" text="%t"/>
      <l:template name="msg" text="%t"/>
      <l:template name="msgexplan" text="%t"/>
      <l:template name="msgmain" text="%t"/>
      <l:template name="msgrel" text="%t"/>
      <l:template name="msgset" text="%t"/>
      <l:template name="msgsub" text="%t"/>
      <l:template name="note" text="%t"/>
      <l:template name="orderedlist" text="%t"/>
      <l:template name="part" text="Bagian %n. %t"/>
      <l:template name="partintro" text="%t"/>
      <l:template name="preface" text="%t"/>
      <l:template name="procedure" text="%t"/>
      <l:template name="procedure.formal" text="Prosedur&#160;%n.&#160;%t"/>
      <l:template name="productionset" text="%t"/>
      <l:template name="productionset.formal" text="Production&#160;%n"/>
      <l:template name="qandadiv" text="%t"/>
      <l:template name="qandaentry" text="%t"/>
      <l:template name="qandaset" text="%t"/>
      <l:template name="question" text="%t"/>
      <l:template name="refentry" text="%t"/>
      <l:template name="reference" text="%t"/>
      <l:template name="refsection" text="%t"/>
      <l:template name="refsect1" text="%t"/>
      <l:template name="refsect2" text="%t"/>
      <l:template name="refsect3" text="%t"/>
      <l:template name="refsynopsisdiv" text="%t"/>
      <l:template name="refsynopsisdivinfo" text="%t"/>
      <l:template name="segmentedlist" text="%t"/>
      <l:template name="set" text="%t"/>
      <l:template name="setindex" text="%t"/>
      <l:template name="sidebar" text="%t"/>
      <l:template name="step" text="%t"/>
      <l:template name="table" text="Tabel %n. %t"/>
      <l:template name="tip" text="%t"/>
      <l:template name="toc" text="%t"/>
      <l:template name="variablelist" text="%t"/>
      <l:template name="warning" text="%t"/>
   </l:context>

   <l:context name="title-unnumbered">
      <l:template name="appendix" text="%t"/>
      <l:template name="bridgehead" text="%t"/>
      <l:template name="chapter" text="%t"/>
      <l:template name="sect1" text="%t"/>
      <l:template name="sect2" text="%t"/>
      <l:template name="sect3" text="%t"/>
      <l:template name="sect4" text="%t"/>
      <l:template name="sect5" text="%t"/>
      <l:template name="section" text="%t"/>
      <l:template name="simplesect" text="%t"/>
   </l:context>

   <l:context name="title-numbered">
      <l:template name="appendix" text="Lampiran %n. %t"/>
      <l:template name="bridgehead" text="%t"/>
      <l:template name="chapter" text="Bab %n. %t"/>
      <l:template name="sect1" text="%n. %t"/>
      <l:template name="sect2" text="%n. %t"/>
      <l:template name="sect3" text="%n. %t"/>
      <l:template name="sect4" text="%n. %t"/>
      <l:template name="sect5" text="%n. %t"/>
      <l:template name="section" text="%n. %t"/>
      <l:template name="simplesect" text="%n. %t"/>
   </l:context>

   <l:context name="subtitle">
      <l:template name="appendix" text="%s"/>
      <l:template name="article" text="%s"/>
      <l:template name="bibliodiv" text="%s"/>
      <l:template name="biblioentry" text="%s"/>
      <l:template name="bibliography" text="%s"/>
      <l:template name="bibliomixed" text="%s"/>
      <l:template name="bibliomset" text="%s"/>
      <l:template name="biblioset" text="%s"/>
      <l:template name="book" text="%s"/>
      <l:template name="chapter" text="%s"/>
      <l:template name="colophon" text="%s"/>
      <l:template name="dedication" text="%s"/>
      <l:template name="glossary" text="%s"/>
      <l:template name="glossdiv" text="%s"/>
      <l:template name="index" text="%s"/>
      <l:template name="indexdiv" text="%s"/>
      <l:template name="lot" text="%s"/>
      <l:template name="part" text="%s"/>
      <l:template name="partintro" text="%s"/>
      <l:template name="preface" text="%s"/>
      <l:template name="refentry" text="%s"/>
      <l:template name="reference" text="%s"/>
      <l:template name="refsection" text="%s"/>
      <l:template name="refsect1" text="%s"/>
      <l:template name="refsect2" text="%s"/>
      <l:template name="refsect3" text="%s"/>
      <l:template name="refsynopsisdiv" text="%s"/>
      <l:template name="sect1" text="%s"/>
      <l:template name="sect2" text="%s"/>
      <l:template name="sect3" text="%s"/>
      <l:template name="sect4" text="%s"/>
      <l:template name="sect5" text="%s"/>
      <l:template name="section" text="%s"/>
      <l:template name="set" text="%s"/>
      <l:template name="setindex" text="%s"/>
      <l:template name="sidebar" text="%s"/>
      <l:template name="simplesect" text="%s"/>
      <l:template name="toc" text="%s"/>
   </l:context>

   <l:context name="xref">
      <l:template name="abstract" text="%t"/>
      <l:template name="answer" text="Jawab:&#160;%n"/>
      <l:template name="appendix" text="Lampiran %n. %t"/>
      <l:template name="article" text="%t"/>
      <l:template name="authorblurb" text="%t"/>
      <l:template name="bibliodiv" text="%t"/>
      <l:template name="bibliography" text="%t"/>
      <l:template name="bibliomset" text="%t"/>
      <l:template name="biblioset" text="%t"/>
      <l:template name="blockquote" text="%t"/>
      <l:template name="book" text="%t"/>
      <l:template name="calloutlist" text="%t"/>
      <l:template name="caution" text="%t"/>
      <l:template name="chapter" text="Bab %n. %t"/>
      <l:template name="colophon" text="%t"/>
      <l:template name="constraintdef" text="%t"/>
      <l:template name="dedication" text="%t"/>
      <l:template name="equation" text="Persamaan&#160;%n"/>
      <l:template name="example" text="Teladan %n. %t"/>
      <l:template name="figure" text="Gambar %n. %t"/>
      <l:template name="formalpara" text="%t"/>
      <l:template name="glossary" text="%t"/>
      <l:template name="glossdiv" text="%t"/>
      <l:template name="important" text="%t"/>
      <l:template name="index" text="%t"/>
      <l:template name="indexdiv" text="%t"/>
      <l:template name="itemizedlist" text="%t"/>
      <l:template name="legalnotice" text="%t"/>
      <l:template name="listitem" text="%n"/>
      <l:template name="lot" text="%t"/>
      <l:template name="msg" text="%t"/>
      <l:template name="msgexplan" text="%t"/>
      <l:template name="msgmain" text="%t"/>
      <l:template name="msgrel" text="%t"/>
      <l:template name="msgset" text="%t"/>
      <l:template name="msgsub" text="%t"/>
      <l:template name="note" text="%t"/>
      <l:template name="orderedlist" text="%t"/>
      <l:template name="part" text="Bagian %n. %t"/>
      <l:template name="partintro" text="%t"/>
      <l:template name="preface" text="%t"/>
      <l:template name="procedure" text="Prosedur&#160;%n"/>
      <l:template name="productionset" text="%t"/>
      <l:template name="qandadiv" text="%t"/>
      <l:template name="qandaentry" text="Tanya:&#160;%n"/>
      <l:template name="qandaset" text="%t"/>
      <l:template name="question" text="Tanya:&#160;%n"/>
      <l:template name="reference" text="%t"/>
      <l:template name="refsection" text="%t"/>
      <l:template name="refsect1" text="%t"/>
      <l:template name="refsect2" text="%t"/>
      <l:template name="refsect3" text="%t"/>
      <l:template name="refsynopsisdiv" text="%t"/>
      <l:template name="segmentedlist" text="%t"/>
      <l:template name="set" text="%t"/>
      <l:template name="setindex" text="%t"/>
      <l:template name="sidebar" text="%t"/>
      <l:template name="table" text="Tabel %n. %t"/>
      <l:template name="tip" text="%t"/>
      <l:template name="toc" text="%t"/>
      <l:template name="variablelist" text="%t"/>
      <l:template name="varlistentry" text="%n"/>
      <l:template name="warning" text="%t"/>
      <l:template name="page.citation" text=" [%p]"/>
   </l:context>

   <l:context name="section-xref">
      <l:template name="bridgehead" text="&#8220;%t&#8221;"/>
      <l:template name="refsection" text="&#8220;%t&#8221;"/>
      <l:template name="refsect1" text="&#8220;%t&#8221;"/>
      <l:template name="refsect2" text="&#8220;%t&#8221;"/>
      <l:template name="refsect3" text="&#8220;%t&#8221;"/>
      <l:template name="sect1" text="&#8220;%t&#8221;"/>
      <l:template name="sect2" text="&#8220;%t&#8221;"/>
      <l:template name="sect3" text="&#8220;%t&#8221;"/>
      <l:template name="sect4" text="&#8220;%t&#8221;"/>
      <l:template name="sect5" text="&#8220;%t&#8221;"/>
      <l:template name="section" text="&#8220;%t&#8221;"/>
      <l:template name="simplesect" text="&#8220;%t&#8221;"/>
   </l:context>

   <l:context name="section-xref-numbered">
      <l:template name="bridgehead" text="&#8220;%t&#8221;"/>
      <l:template name="refsection" text="&#8220;%t&#8221;"/>
      <l:template name="refsect1" text="&#8220;%t&#8221;"/>
      <l:template name="refsect2" text="&#8220;%t&#8221;"/>
      <l:template name="refsect3" text="&#8220;%t&#8221;"/>
      <l:template name="sect1" text="Bagian %n"/>
      <l:template name="sect2" text="Bagian %n"/>
      <l:template name="sect3" text="Bagian %n"/>
      <l:template name="sect4" text="Bagian %n"/>
      <l:template name="sect5" text="Bagian %n"/>
      <l:template name="section" text="Bagian %n"/>
      <l:template name="simplesect" text="&#8220;%t&#8221;"/>
   </l:context>

   <l:context name="authorgroup">
      <l:template name="sep" text=", "/>
      <l:template name="sep2" text=" dan "/>
      <l:template name="seplast" text=", dan "/>
   </l:context>

   <l:context name="glossary">
      <l:template name="see" text="Lihat "/>
      <l:template name="seealso" text="Lihat Juga "/>
   </l:context>

   <l:context name="msgset">
      <l:template name="MsgAud" text="Pemirsa: "/>
      <l:template name="MsgLevel" text="Tingkatan: "/>
      <l:template name="MsgOrig" text="Asal: "/>
   </l:context>
</l:l10n>
