<?xml version="1.0" encoding="US-ASCII"?>
<l:l10n xmlns:l="http://docbook.sourceforge.net/xmlns/l10n/1.0" language="sl">

<!-- This file is generated automatically. -->
<!-- Do not edit this file by hand! -->
<!-- See http://docbook.sourceforge.net/ -->
<!-- To update this file: edit the corresponding document at -->
<!-- http://cvs.sourceforge.net/cgi-bin/viewcvs.cgi/docbook/gentext/locale/ -->

   <l:gentext key="Abstract" text="Povzetek"/>
   <l:gentext key="abstract" text="Povzetek"/>
   <l:gentext key="Answer" text="O:"/>
   <l:gentext key="answer" text="O:"/>
   <l:gentext key="Appendix" text="Dodatek"/>
   <l:gentext key="appendix" text="dodatek"/>
   <l:gentext key="Article" text="&#268;lanek"/>
   <l:gentext key="article" text="&#268;lanek"/>
   <l:gentext key="Bibliography" text="Literatura"/>
   <l:gentext key="bibliography" text="Literatura"/>
   <l:gentext key="Book" text="Knjiga"/>
   <l:gentext key="book" text="Knjiga"/>
   <l:gentext key="Caution" text="Opozorilo"/>
   <l:gentext key="caution" text="Opozorilo"/>
   <l:gentext key="CAUTION" text="OPOZORILO"/>
   <l:gentext key="Chapter" text="Poglavje"/>
   <l:gentext key="chapter" text="poglavje"/>
   <l:gentext key="Colophon" text="Kolofon"/>
   <l:gentext key="colophon" text="Kolofon"/>
   <l:gentext key="Copyright" text="Pravna za&#353;&#269;ita"/>
   <l:gentext key="copyright" text="Pravna za&#353;&#269;ita"/>
   <l:gentext key="Dedication" text="Posvetilo"/>
   <l:gentext key="dedication" text="Posvetilo"/>
   <l:gentext key="Edition" text="Izdaja"/>
   <l:gentext key="edition" text="Izdaja"/>
   <l:gentext key="Equation" text="Ena&#269;ba"/>
   <l:gentext key="equation" text="Ena&#269;ba"/>
   <l:gentext key="Example" text="Primer"/>
   <l:gentext key="example" text="Primer"/>
   <l:gentext key="Figure" text="Slika"/>
   <l:gentext key="figure" text="Slika"/>
   <l:gentext key="Glossary" text="Slovar&#269;ek"/>
   <l:gentext key="glossary" text="Slovar&#269;ek"/>
   <l:gentext key="GlossSee" text="glej"/>
   <l:gentext key="glosssee" text="glej"/>
   <l:gentext key="GlossSeeAlso" text="glej tudi"/>
   <l:gentext key="glossseealso" text="glej tudi"/>
   <l:gentext key="IMPORTANT" text="POMEMBNO"/>
   <l:gentext key="Important" text="Pomembno"/>
   <l:gentext key="important" text="Pomembno"/>
   <l:gentext key="Index" text="Stvarno kazalo"/>
   <l:gentext key="index" text="Stvarno kazalo"/>
   <l:gentext key="ISBN" text="ISBN"/>
   <l:gentext key="isbn" text="ISBN"/>
   <l:gentext key="LegalNotice" text="Pravno sporo&#269;ilo"/>
   <l:gentext key="legalnotice" text="Pravno sporo&#269;ilo"/>
   <l:gentext key="MsgAud" text="Ob&#269;instvo"/>
   <l:gentext key="msgaud" text="Ob&#269;instvo"/>
   <l:gentext key="MsgLevel" text="Raven"/>
   <l:gentext key="msglevel" text="Raven"/>
   <l:gentext key="MsgOrig" text="Izvor"/>
   <l:gentext key="msgorig" text="Izvor"/>
   <l:gentext key="note" text="Opomba"/>
   <l:gentext key="NOTE" text="OPOMBA"/>
   <l:gentext key="Note" text="Opomba"/>
   <l:gentext key="Part" text="Del"/>
   <l:gentext key="part" text="Del"/>
   <l:gentext key="Preface" text="Predgovor"/>
   <l:gentext key="preface" text="Predgovor"/>
   <l:gentext key="Procedure" text="Postopek"/>
   <l:gentext key="procedure" text="Postopek"/>
   <l:gentext key="ProductionSet" text="Izdelava"/>
   <l:gentext key="Published" text="Izdano"/>
   <l:gentext key="published" text="Izdano"/>
   <l:gentext key="Question" text="V:"/>
   <l:gentext key="question" text="V:"/>
   <l:gentext key="RefEntry" text=""/>
   <l:gentext key="refentry" text=""/>
   <l:gentext key="Reference" text="Sklic"/>
   <l:gentext key="reference" text="Sklic"/>
   <l:gentext key="RefName" text="Ime"/>
   <l:gentext key="refname" text="Ime"/>
   <l:gentext key="RefSection" text=""/>
   <l:gentext key="refsection" text=""/>
   <l:gentext key="RefSynopsisDiv" text="Sinopsis"/>
   <l:gentext key="refsynopsisdiv" text="Sinopsis"/>
   <l:gentext key="RevHistory" text="Zgodovina razli&#269;ic"/>
   <l:gentext key="revhistory" text="Zgodovina razli&#269;ic"/>
   <l:gentext key="Revision" text="Razli&#269;ica"/>
   <l:gentext key="revision" text="Razli&#269;ica"/>
   <l:gentext key="sect1" text="Razdelek"/>
   <l:gentext key="sect2" text="Razdelek"/>
   <l:gentext key="sect3" text="Razdelek"/>
   <l:gentext key="sect4" text="Razdelek"/>
   <l:gentext key="sect5" text="Razdelek"/>
   <l:gentext key="Section" text="Razdelek"/>
   <l:gentext key="section" text="razdelek"/>
   <l:gentext key="see" text="glej"/>
   <l:gentext key="See" text="glej"/>
   <l:gentext key="Seealso" text="Glej tudi"/>
   <l:gentext key="seealso" text="glej tudi"/>
   <l:gentext key="SeeAlso" text="glej tudi"/>
   <l:gentext key="Set" text="Postavi"/>
   <l:gentext key="set" text="Postavi"/>
   <l:gentext key="SetIndex" text="Postavi stvarno kazalo"/>
   <l:gentext key="setindex" text="Postavi stvarno kazalo"/>
   <l:gentext key="Sidebar" text=""/>
   <l:gentext key="sidebar" text="sidebar"/>
   <l:gentext key="step" text="korak"/>
   <l:gentext key="Step" text="Korak"/>
   <l:gentext key="table" text="Tabela"/>
   <l:gentext key="Table" text="Tabela"/>
   <l:gentext key="TIP" text="NAMIG"/>
   <l:gentext key="Tip" text="Namig"/>
   <l:gentext key="tip" text="Namig"/>
   <l:gentext key="WARNING" text="POZOR"/>
   <l:gentext key="Warning" text="Pozor"/>
   <l:gentext key="warning" text="Pozor"/>
   <l:gentext key="and" text="in"/>
   <l:gentext key="by" text="od"/>
   <l:gentext key="Edited" text="Urejeno"/>
   <l:gentext key="edited" text="Urejeno"/>
   <l:gentext key="Editedby" text="Uredil"/>
   <l:gentext key="editedby" text="Uredil"/>
   <l:gentext key="in" text="v"/>
   <l:gentext key="lastlistcomma" text=","/>
   <l:gentext key="listcomma" text=","/>
   <l:gentext key="nonexistantelement" text="neobstoje&#269;i element"/>
   <l:gentext key="Notes" text="Notes"/>
   <l:gentext key="notes" text="Notes"/>
   <l:gentext key="Pgs" text="Str."/>
   <l:gentext key="pgs" text="Str."/>
   <l:gentext key="Revisedby" text="Pregledal: "/>
   <l:gentext key="revisedby" text="Pregledal: "/>
   <l:gentext key="TableNotes" text="Notes"/>
   <l:gentext key="tablenotes" text="Notes"/>
   <l:gentext key="TableofContents" text="Kazalo"/>
   <l:gentext key="tableofcontents" text="Kazalo"/>
   <l:gentext key="unexpectedelementname" text="Nepri&#269;akovano ime elementa"/>
   <l:gentext key="unsupported" text="nepodprto"/>
   <l:gentext key="xrefto" text="xref na"/>
   <l:gentext key="listofequations" text="Seznam ena&#269;b"/>
   <l:gentext key="ListofEquations" text="Seznam ena&#269;b"/>
   <l:gentext key="ListofExamples" text="Seznam primerov"/>
   <l:gentext key="listofexamples" text="Seznam primerov"/>
   <l:gentext key="ListofFigures" text="Seznam slik"/>
   <l:gentext key="listoffigures" text="Seznam slik"/>
   <l:gentext key="listoftables" text="Seznam tabel"/>
   <l:gentext key="ListofTables" text="Seznam tabel"/>
   <l:gentext key="ListofUnknown" text="Seznam neznanih stvari"/>
   <l:gentext key="listofunknown" text="Seznam neznanih stvari"/>
   <l:gentext key="nav-home" text="Domov"/>
   <l:gentext key="nav-next" text="Naprej"/>
   <l:gentext key="nav-next-sibling" text="Hitro naprej"/>
   <l:gentext key="nav-prev" text="Nazaj"/>
   <l:gentext key="nav-prev-sibling" text="Hitro nazaj"/>
   <l:gentext key="nav-up" text="Gor"/>
   <l:gentext key="sectioncalled" text="razdelek, imenovan"/>
   <l:gentext key="Draft" text="Draft"/>
   <l:gentext key="above" text="above"/>
   <l:gentext key="below" text="below"/>
   <l:gentext key="index symbols" text="Simboli"/>
   <l:gentext key="lowercase.alpha" text="abc&#269;defghijklmnopqrs&#353;tuvwxyz&#382;"/>
   <l:gentext key="uppercase.alpha" text="ABC&#268;DEFGHIJKLMNOPQRS&#352;TUVWXYZ&#381;"/>
   <l:dingbat key="startquote" text="&#8220;"/>
   <l:dingbat key="endquote" text="&#8221;"/>
   <l:dingbat key="nestedstartquote" text="&#8216;"/>
   <l:dingbat key="nestedendquote" text="&#8217;"/>
   <l:dingbat key="bullet" text="&#8226;"/>

   <l:context name="styles">
      <l:template name="person-name" text="first-last"/>
   </l:context>

   <l:context name="title">
      <l:template name="abstract" text="%t"/>
      <l:template name="answer" text="%t"/>
      <l:template name="appendix" text="Dodatek %n. %t"/>
      <l:template name="article" text="%t"/>
      <l:template name="authorblurb" text="%t"/>
      <l:template name="bibliodiv" text="%t"/>
      <l:template name="biblioentry" text="%t"/>
      <l:template name="bibliography" text="%t"/>
      <l:template name="bibliomixed" text="%t"/>
      <l:template name="bibliomset" text="%t"/>
      <l:template name="biblioset" text="%t"/>
      <l:template name="blockquote" text="%t"/>
      <l:template name="book" text="%t"/>
      <l:template name="calloutlist" text="%t"/>
      <l:template name="caution" text="%t"/>
      <l:template name="chapter" text="Poglavje %n. %t"/>
      <l:template name="colophon" text="%t"/>
      <l:template name="dedication" text="%t"/>
      <l:template name="equation" text="Ena&#269;ba %n. %t"/>
      <l:template name="example" text="Primer %n. %t"/>
      <l:template name="figure" text="Slika %n. %t"/>
      <l:template name="formalpara" text="%t"/>
      <l:template name="glossary" text="%t"/>
      <l:template name="glossdiv" text="%t"/>
      <l:template name="important" text="%t"/>
      <l:template name="index" text="%t"/>
      <l:template name="indexdiv" text="%t"/>
      <l:template name="itemizedlist" text="%t"/>
      <l:template name="legalnotice" text="%t"/>
      <l:template name="listitem" text=""/>
      <l:template name="lot" text="%t"/>
      <l:template name="msg" text="%t"/>
      <l:template name="msgexplan" text="%t"/>
      <l:template name="msgmain" text="%t"/>
      <l:template name="msgrel" text="%t"/>
      <l:template name="msgset" text="%t"/>
      <l:template name="msgsub" text="%t"/>
      <l:template name="note" text="%t"/>
      <l:template name="orderedlist" text="%t"/>
      <l:template name="part" text="Del %n. %t"/>
      <l:template name="partintro" text="%t"/>
      <l:template name="preface" text="%t"/>
      <l:template name="procedure" text="%t"/>
      <l:template name="procedure.formal" text="Postopek %n. %t"/>
      <l:template name="productionset" text="%t"/>
      <l:template name="productionset.formal" text="Izdelava %n"/>
      <l:template name="question" text="%t"/>
      <l:template name="qandadiv" text="%t"/>
      <l:template name="qandaentry" text="%t"/>
      <l:template name="qandaset" text="%t"/>
      <l:template name="reference" text="%t"/>
      <l:template name="refentry" text="%t"/>
      <l:template name="refsection" text="%t"/>
      <l:template name="refsect1" text="%t"/>
      <l:template name="refsect2" text="%t"/>
      <l:template name="refsect3" text="%t"/>
      <l:template name="refsynopsisdiv" text="%t"/>
      <l:template name="refsynopsisdivinfo" text="%t"/>
      <l:template name="segmentedlist" text="%t"/>
      <l:template name="set" text="%t"/>
      <l:template name="setindex" text="%t"/>
      <l:template name="sidebar" text="%t"/>
      <l:template name="step" text="%t"/>
      <l:template name="table" text="Tabela %n. %t"/>
      <l:template name="tip" text="%t"/>
      <l:template name="toc" text="%t"/>
      <l:template name="variablelist" text="%t"/>
      <l:template name="varlistentry" text=""/>
      <l:template name="warning" text="%t"/>
   </l:context>

   <l:context name="title-unnumbered">
      <l:template name="appendix" text="%t"/>
      <l:template name="bridgehead" text="%t"/>
      <l:template name="chapter" text="%t"/>
      <l:template name="sect1" text="%t"/>
      <l:template name="sect2" text="%t"/>
      <l:template name="sect3" text="%t"/>
      <l:template name="sect4" text="%t"/>
      <l:template name="sect5" text="%t"/>
      <l:template name="section" text="%t"/>
      <l:template name="simplesect" text="%t"/>
   </l:context>

   <l:context name="title-numbered">
      <l:template name="appendix" text="Dodatek %n. %t"/>
      <l:template name="bridgehead" text="%t"/>
      <l:template name="chapter" text="Poglavje %n. %t"/>
      <l:template name="sect1" text="%n. %t"/>
      <l:template name="sect2" text="%n. %t"/>
      <l:template name="sect3" text="%n. %t"/>
      <l:template name="sect4" text="%n. %t"/>
      <l:template name="sect5" text="%n. %t"/>
      <l:template name="section" text="%n. %t"/>
      <l:template name="simplesect" text="%n. %t"/>
   </l:context>

   <l:context name="subtitle">
      <l:template name="appendix" text="%s"/>
      <l:template name="article" text="%s"/>
      <l:template name="bibliodiv" text="%s"/>
      <l:template name="biblioentry" text="%s"/>
      <l:template name="bibliography" text="%s"/>
      <l:template name="bibliomixed" text="%s"/>
      <l:template name="bibliomset" text="%s"/>
      <l:template name="biblioset" text="%s"/>
      <l:template name="book" text="%s"/>
      <l:template name="chapter" text="%s"/>
      <l:template name="colophon" text="%s"/>
      <l:template name="dedication" text="%s"/>
      <l:template name="glossary" text="%s"/>
      <l:template name="glossdiv" text="%s"/>
      <l:template name="index" text="%s"/>
      <l:template name="indexdiv" text="%s"/>
      <l:template name="lot" text="%s"/>
      <l:template name="part" text="%s"/>
      <l:template name="partintro" text="%s"/>
      <l:template name="preface" text="%s"/>
      <l:template name="refentry" text="%s"/>
      <l:template name="reference" text="%s"/>
      <l:template name="refsection" text="%s"/>
      <l:template name="refsect1" text="%s"/>
      <l:template name="refsect2" text="%s"/>
      <l:template name="refsect3" text="%s"/>
      <l:template name="refsynopsisdiv" text="%s"/>
      <l:template name="sect1" text="%s"/>
      <l:template name="sect2" text="%s"/>
      <l:template name="sect3" text="%s"/>
      <l:template name="sect4" text="%s"/>
      <l:template name="sect5" text="%s"/>
      <l:template name="section" text="%s"/>
      <l:template name="set" text="%s"/>
      <l:template name="setindex" text="%s"/>
      <l:template name="sidebar" text="%s"/>
      <l:template name="simplesect" text="%s"/>
      <l:template name="toc" text="%s"/>
   </l:context>

   <l:context name="xref">
      <l:template name="abstract" text="%t"/>
      <l:template name="answer" text="O:&#160;%n"/>
      <l:template name="appendix" text="Dodatek %n. %t"/>
      <l:template name="article" text="%t"/>
      <l:template name="authorblurb" text="%t"/>
      <l:template name="bibliodiv" text="%t"/>
      <l:template name="bibliography" text="%t"/>
      <l:template name="bibliomset" text="%t"/>
      <l:template name="biblioset" text="%t"/>
      <l:template name="blockquote" text="%t"/>
      <l:template name="book" text="%t"/>
      <l:template name="calloutlist" text="%t"/>
      <l:template name="caution" text="%t"/>
      <l:template name="chapter" text="Poglavje %n. %t"/>
      <l:template name="colophon" text="%t"/>
      <l:template name="constraintdef" text="%t"/>
      <l:template name="dedication" text="%t"/>
      <l:template name="equation" text="Ena&#269;ba&#160;%n"/>
      <l:template name="example" text="Primer %n. %t"/>
      <l:template name="figure" text="Slika %n. %t"/>
      <l:template name="formalpara" text="%t"/>
      <l:template name="glossary" text="%t"/>
      <l:template name="glossdiv" text="%t"/>
      <l:template name="important" text="%t"/>
      <l:template name="index" text="%t"/>
      <l:template name="indexdiv" text="%t"/>
      <l:template name="itemizedlist" text="%t"/>
      <l:template name="legalnotice" text="%t"/>
      <l:template name="listitem" text="%n"/>
      <l:template name="lot" text="%t"/>
      <l:template name="msg" text="%t"/>
      <l:template name="msgexplan" text="%t"/>
      <l:template name="msgmain" text="%t"/>
      <l:template name="msgrel" text="%t"/>
      <l:template name="msgset" text="%t"/>
      <l:template name="msgsub" text="%t"/>
      <l:template name="note" text="%t"/>
      <l:template name="orderedlist" text="%t"/>
      <l:template name="part" text="Del %n. %t"/>
      <l:template name="partintro" text="%t"/>
      <l:template name="preface" text="%t"/>
      <l:template name="procedure" text="Postopek&#160;%n"/>
      <l:template name="productionset" text="%t"/>
      <l:template name="qandadiv" text="%t"/>
      <l:template name="qandaentry" text="V:&#160;%n"/>
      <l:template name="qandaset" text="%t"/>
      <l:template name="question" text="V:&#160;%n"/>
      <l:template name="reference" text="%t"/>
      <l:template name="refsection" text="%t"/>
      <l:template name="refsect1" text="%t"/>
      <l:template name="refsect2" text="%t"/>
      <l:template name="refsect3" text="%t"/>
      <l:template name="refsynopsisdiv" text="%t"/>
      <l:template name="segmentedlist" text="%t"/>
      <l:template name="set" text="%t"/>
      <l:template name="setindex" text="%t"/>
      <l:template name="sidebar" text="%t"/>
      <l:template name="table" text="Tabela %n. %t"/>
      <l:template name="tip" text="%t"/>
      <l:template name="toc" text="%t"/>
      <l:template name="variablelist" text="%t"/>
      <l:template name="varlistentry" text="%n"/>
      <l:template name="warning" text="%t"/>
      <l:template name="page.citation" text=" [%p]"/>
   </l:context>

   <l:context name="section-xref">
      <l:template name="bridgehead" text="&#8220;%t&#8221;"/>
      <l:template name="refsection" text="&#8220;%t&#8221;"/>
      <l:template name="refsect1" text="&#8220;%t&#8221;"/>
      <l:template name="refsect2" text="&#8220;%t&#8221;"/>
      <l:template name="refsect3" text="&#8220;%t&#8221;"/>
      <l:template name="sect1" text="&#8220;%t&#8221;"/>
      <l:template name="sect2" text="&#8220;%t&#8221;"/>
      <l:template name="sect3" text="&#8220;%t&#8221;"/>
      <l:template name="sect4" text="&#8220;%t&#8221;"/>
      <l:template name="sect5" text="&#8220;%t&#8221;"/>
      <l:template name="section" text="&#8220;%t&#8221;"/>
      <l:template name="simplesect" text="&#8220;%t&#8221;"/>
   </l:context>

   <l:context name="section-xref-numbered">
      <l:template name="bridgehead" text="&#8220;%t&#8221;"/>
      <l:template name="refsection" text="&#8220;%t&#8221;"/>
      <l:template name="refsect1" text="&#8220;%t&#8221;"/>
      <l:template name="refsect2" text="&#8220;%t&#8221;"/>
      <l:template name="refsect3" text="&#8220;%t&#8221;"/>
      <l:template name="sect1" text="Razdelek %n"/>
      <l:template name="sect2" text="Razdelek %n"/>
      <l:template name="sect3" text="Razdelek %n"/>
      <l:template name="sect4" text="Razdelek %n"/>
      <l:template name="sect5" text="Razdelek %n"/>
      <l:template name="section" text="Razdelek %n"/>
      <l:template name="simplesect" text="&#8220;%t&#8221;"/>
   </l:context>

   <l:context name="authorgroup">
      <l:template name="sep" text=", "/>
      <l:template name="sep2" text=" in "/>
      <l:template name="seplast" text=", in "/>
   </l:context>

   <l:context name="glossary">
      <l:template name="see" text="glej "/>
      <l:template name="seealso" text="glej tudi "/>
   </l:context>

   <l:context name="msgset">
      <l:template name="MsgAud" text="Ob&#269;instvo: "/>
      <l:template name="MsgLevel" text="Raven: "/>
      <l:template name="MsgOrig" text="Izvor: "/>
   </l:context>
</l:l10n>
