<?xml version="1.0" encoding="US-ASCII"?>
<l:l10n xmlns:l="http://docbook.sourceforge.net/xmlns/l10n/1.0" language="eu">

<!-- This file is generated automatically. -->
<!-- Do not edit this file by hand! -->
<!-- See http://docbook.sourceforge.net/ -->
<!-- To update this file: edit the corresponding document at -->
<!-- http://cvs.sourceforge.net/cgi-bin/viewcvs.cgi/docbook/gentext/locale/ -->

   <l:gentext key="Abstract" text="Laburpena"/>
   <l:gentext key="abstract" text="Laburpena"/>
   <l:gentext key="Answer" text="E:"/>
   <l:gentext key="answer" text="E:"/>
   <l:gentext key="Appendix" text="Eranskina"/>
   <l:gentext key="appendix" text="eranskina"/>
   <l:gentext key="Article" text="Artikulua"/>
   <l:gentext key="article" text="Artikulua"/>
   <l:gentext key="Bibliography" text="Bibliografia"/>
   <l:gentext key="bibliography" text="Bibliografia"/>
   <l:gentext key="Book" text="Liburua"/>
   <l:gentext key="book" text="Liburua"/>
   <l:gentext key="CAUTION" text="KONTUZ"/>
   <l:gentext key="Caution" text="Kontuz"/>
   <l:gentext key="caution" text="Kontuz"/>
   <l:gentext key="Chapter" text="Atala"/>
   <l:gentext key="chapter" text="atala"/>
   <l:gentext key="Colophon" text="Azken ohar"/>
   <l:gentext key="colophon" text="Azken ohar"/>
   <l:gentext key="Copyright" text="Copyright"/>
   <l:gentext key="copyright" text="Copyright"/>
   <l:gentext key="Dedication" text="Eskaintza"/>
   <l:gentext key="dedication" text="Eskaintza"/>
   <l:gentext key="Edition" text="Edizioa"/>
   <l:gentext key="edition" text="Edizioa"/>
   <l:gentext key="Equation" text="Ekuazioa"/>
   <l:gentext key="equation" text="Ekuazioa"/>
   <l:gentext key="Example" text="Adibidea"/>
   <l:gentext key="example" text="Adibidea"/>
   <l:gentext key="Figure" text="Irudia"/>
   <l:gentext key="figure" text="Irudia"/>
   <l:gentext key="Glossary" text="Glosarioa"/>
   <l:gentext key="glossary" text="Glosarioa"/>
   <l:gentext key="GlossSee" text="Ikus"/>
   <l:gentext key="glosssee" text="Ikus"/>
   <l:gentext key="GlossSeeAlso" text="Ikus baita ere"/>
   <l:gentext key="glossseealso" text="Ikus baita ere"/>
   <l:gentext key="IMPORTANT" text="GARRANTZITSUA"/>
   <l:gentext key="important" text="Garrantzitsua"/>
   <l:gentext key="Important" text="Garrantzitsua"/>
   <l:gentext key="Index" text="Indizea"/>
   <l:gentext key="index" text="Indizea"/>
   <l:gentext key="ISBN" text="ISBN"/>
   <l:gentext key="isbn" text="ISBN"/>
   <l:gentext key="LegalNotice" text="Legezko abisua"/>
   <l:gentext key="legalnotice" text="Legezko abisua"/>
   <l:gentext key="MsgAud" text="Audientzia"/>
   <l:gentext key="msgaud" text="Audientzia"/>
   <l:gentext key="MsgLevel" text="Maila"/>
   <l:gentext key="msglevel" text="Maila"/>
   <l:gentext key="MsgOrig" text="Jatorria"/>
   <l:gentext key="msgorig" text="Jatorria"/>
   <l:gentext key="NOTE" text="OHARRA"/>
   <l:gentext key="Note" text="Oharra"/>
   <l:gentext key="note" text="Oharra"/>
   <l:gentext key="Part" text="Zatia"/>
   <l:gentext key="part" text="Zatia"/>
   <l:gentext key="Preface" text="Hitzaurrea"/>
   <l:gentext key="preface" text="Hitzaurrea"/>
   <l:gentext key="Procedure" text="Prozedura"/>
   <l:gentext key="procedure" text="Prozedura"/>
   <l:gentext key="ProductionSet" text="Ekoizpena"/>
   <l:gentext key="Published" text="Argitaratua"/>
   <l:gentext key="published" text="Argitaratua"/>
   <l:gentext key="Question" text="Galdera"/>
   <l:gentext key="question" text="galdera"/>
   <l:gentext key="RefEntry" text="Sarrera"/>
   <l:gentext key="refentry" text="Sarrera"/>
   <l:gentext key="Reference" text="Erreferentzia"/>
   <l:gentext key="reference" text="Erreferentzia"/>
   <l:gentext key="RefName" text="Izena"/>
   <l:gentext key="refname" text="Izena"/>
   <l:gentext key="RefSection" text="Sekzioa"/>
   <l:gentext key="refsection" text="sekzioa"/>
   <l:gentext key="RefSynopsisDiv" text="Laburpena"/>
   <l:gentext key="refsynopsisdiv" text="Laburpena"/>
   <l:gentext key="RevHistory" text="Berrikuspenaren historia"/>
   <l:gentext key="revhistory" text="Berrikuspenaren historia"/>
   <l:gentext key="revision" text="Berrikuspena"/>
   <l:gentext key="Revision" text="Berrikuspena"/>
   <l:gentext key="sect1" text="Atala"/>
   <l:gentext key="sect2" text="Atala"/>
   <l:gentext key="sect3" text="Atala"/>
   <l:gentext key="sect4" text="Atala"/>
   <l:gentext key="sect5" text="Atala"/>
   <l:gentext key="section" text="Atala"/>
   <l:gentext key="Section" text="Atala"/>
   <l:gentext key="See" text="Ikus"/>
   <l:gentext key="see" text="Ikus"/>
   <l:gentext key="SeeAlso" text="Ikus baita ere"/>
   <l:gentext key="seealso" text="Ikus baita ere"/>
   <l:gentext key="Seealso" text="Ikus baita ere"/>
   <l:gentext key="set" text="Konfiguratu"/>
   <l:gentext key="Set" text="Konfiguratu"/>
   <l:gentext key="setindex" text="Konfiguratu indizea"/>
   <l:gentext key="SetIndex" text="Konfiguratu indizea"/>
   <l:gentext key="Sidebar" text="Alboko barra"/>
   <l:gentext key="sidebar" text="alboko barra"/>
   <l:gentext key="step" text="urratsa"/>
   <l:gentext key="Step" text="Urratsa"/>
   <l:gentext key="Table" text="Taula"/>
   <l:gentext key="table" text="Taula"/>
   <l:gentext key="tip" text="Iradokizuna"/>
   <l:gentext key="TIP" text="IRADOKIZUNA"/>
   <l:gentext key="Tip" text="Iradokizuna"/>
   <l:gentext key="Warning" text="Abisua"/>
   <l:gentext key="warning" text="Abisua"/>
   <l:gentext key="WARNING" text="ABISUA"/>
   <l:gentext key="and" text="eta"/>
   <l:gentext key="by" text="Honek"/>
   <l:gentext key="Edited" text="editatua"/>
   <l:gentext key="edited" text="editatua"/>
   <l:gentext key="Editedby" text="Honek editatua"/>
   <l:gentext key="editedby" text="Honek editatua"/>
   <l:gentext key="in" text="non"/>
   <l:gentext key="lastlistcomma" text=","/>
   <l:gentext key="listcomma" text=","/>
   <l:gentext key="nonexistantelement" text="lehendik ez dagoen elementua"/>
   <l:gentext key="notes" text="Oharrak"/>
   <l:gentext key="Notes" text="Oharrak"/>
   <l:gentext key="Pgs" text="Orr."/>
   <l:gentext key="pgs" text="Orr."/>
   <l:gentext key="Revisedby" text="Berrikuspena: "/>
   <l:gentext key="revisedby" text="Berrikuspena: "/>
   <l:gentext key="TableNotes" text="Oharrak"/>
   <l:gentext key="tablenotes" text="Oharrak"/>
   <l:gentext key="TableofContents" text="Edukien aurkibidea"/>
   <l:gentext key="tableofcontents" text="Edukien aurkibidea"/>
   <l:gentext key="unexpectedelementname" text="Ustekabeko elemetu-izena"/>
   <l:gentext key="unsupported" text="onartzen ez den"/>
   <l:gentext key="xrefto" text="xref honi"/>
   <l:gentext key="listofequations" text="Ekuazioen zerrenda"/>
   <l:gentext key="ListofEquations" text="Ekuazioen zerrenda"/>
   <l:gentext key="ListofExamples" text="Adibideen zerrenda"/>
   <l:gentext key="listofexamples" text="Adibideen zerrenda"/>
   <l:gentext key="ListofFigures" text="Irudien zerrenda"/>
   <l:gentext key="listoffigures" text="Irudien zerrenda"/>
   <l:gentext key="listoftables" text="Taulen zerrenda"/>
   <l:gentext key="ListofTables" text="Taulen zerrenda"/>
   <l:gentext key="ListofUnknown" text="Ezezagunen zerrenda"/>
   <l:gentext key="listofunknown" text="Ezazagunen zerrenda"/>
   <l:gentext key="nav-home" text="Etxea"/>
   <l:gentext key="nav-next" text="Hurrengoa"/>
   <l:gentext key="nav-next-sibling" text="Aurreratze azkarra"/>
   <l:gentext key="nav-prev" text="Aurrekoa"/>
   <l:gentext key="nav-prev-sibling" text="Atzeratze azkarra"/>
   <l:gentext key="nav-up" text="Gora"/>
   <l:gentext key="sectioncalled" text="honela deritzon atala"/>
   <l:gentext key="Draft" text="Zirriborroa"/>
   <l:gentext key="above" text="goian"/>
   <l:gentext key="below" text="behean"/>
   <l:gentext key="index symbols" text="Ikurrak"/>
   <l:gentext key="lowercase.alpha" text="abcdefghijklmnopqrstuvwxyz"/>
   <l:gentext key="uppercase.alpha" text="ABCDEFGHIJKLMNOPQRSTUVWXYZ"/>
   <l:dingbat key="startquote" text="&#8220;"/>
   <l:dingbat key="endquote" text="&#8221;"/>
   <l:dingbat key="nestedstartquote" text="&#8216;"/>
   <l:dingbat key="nestedendquote" text="&#8217;"/>
   <l:dingbat key="bullet" text="&#8226;"/>

   <l:context name="title">
      <l:template name="abstract" text="%t"/>
      <l:template name="answer" text="%t"/>
      <l:template name="appendix" text="Eranskina %n. %t"/>
      <l:template name="article" text="%t"/>
      <l:template name="authorblurb" text="%t"/>
      <l:template name="bibliodiv" text="%t"/>
      <l:template name="biblioentry" text="%t"/>
      <l:template name="bibliography" text="%t"/>
      <l:template name="bibliomixed" text="%t"/>
      <l:template name="bibliomset" text="%t"/>
      <l:template name="biblioset" text="%t"/>
      <l:template name="blockquote" text="%t"/>
      <l:template name="book" text="%t"/>
      <l:template name="calloutlist" text="%t"/>
      <l:template name="caution" text="%t"/>
      <l:template name="chapter" text="Atala %n. %t"/>
      <l:template name="colophon" text="%t"/>
      <l:template name="dedication" text="%t"/>
      <l:template name="equation" text="Ekuazioa %n. %t"/>
      <l:template name="example" text="Adibidea %n. %t"/>
      <l:template name="figure" text="Irudia %n. %t"/>
      <l:template name="formalpara" text="%t"/>
      <l:template name="glossary" text="%t"/>
      <l:template name="glossdiv" text="%t"/>
      <l:template name="important" text="%t"/>
      <l:template name="index" text="%t"/>
      <l:template name="indexdiv" text="%t"/>
      <l:template name="itemizedlist" text="%t"/>
      <l:template name="legalnotice" text="%t"/>
      <l:template name="listitem" text=""/>
      <l:template name="lot" text="%t"/>
      <l:template name="msg" text="%t"/>
      <l:template name="msgexplan" text="%t"/>
      <l:template name="msgmain" text="%t"/>
      <l:template name="msgrel" text="%t"/>
      <l:template name="msgset" text="%t"/>
      <l:template name="msgsub" text="%t"/>
      <l:template name="note" text="%t"/>
      <l:template name="orderedlist" text="%t"/>
      <l:template name="part" text="Zatia %n. %t"/>
      <l:template name="partintro" text="%t"/>
      <l:template name="preface" text="%t"/>
      <l:template name="procedure" text="%t"/>
      <l:template name="procedure.formal" text="Prozedura %n. %t"/>
      <l:template name="productionset" text="%t"/>
      <l:template name="productionset.formal" text="Ekoizpena %n"/>
      <l:template name="qandadiv" text="%t"/>
      <l:template name="qandaentry" text="%t"/>
      <l:template name="qandaset" text="%t"/>
      <l:template name="question" text="%t"/>
      <l:template name="refentry" text="%t"/>
      <l:template name="reference" text="%t"/>
      <l:template name="refsect1" text="%t"/>
      <l:template name="refsect2" text="%t"/>
      <l:template name="refsect3" text="%t"/>
      <l:template name="refsynopsisdiv" text="%t"/>
      <l:template name="refsynopsisdivinfo" text="%t"/>
      <l:template name="segmentedlist" text="%t"/>
      <l:template name="set" text="%t"/>
      <l:template name="setindex" text="%t"/>
      <l:template name="sidebar" text="%t"/>
      <l:template name="step" text="%t"/>
      <l:template name="table" text="Taula %n. %t"/>
      <l:template name="tip" text="%t"/>
      <l:template name="toc" text="%t"/>
      <l:template name="variablelist" text="%t"/>
      <l:template name="varlistentry" text=""/>
      <l:template name="warning" text="%t"/>
   </l:context>

   <l:context name="title-unnumbered">
      <l:template name="appendix" text="%t"/>
      <l:template name="chapter" text="%t"/>
      <l:template name="bridgehead" text="%t"/>
      <l:template name="sect1" text="%t"/>
      <l:template name="sect2" text="%t"/>
      <l:template name="sect3" text="%t"/>
      <l:template name="sect4" text="%t"/>
      <l:template name="sect5" text="%t"/>
      <l:template name="section" text="%t"/>
      <l:template name="simplesect" text="%t"/>
   </l:context>

   <l:context name="title-numbered">
      <l:template name="appendix" text="Eranskina %n. %t"/>
      <l:template name="chapter" text="Atala %n. %t"/>
      <l:template name="bridgehead" text="%n. %t"/>
      <l:template name="sect1" text="%n. %t"/>
      <l:template name="sect2" text="%n. %t"/>
      <l:template name="sect3" text="%n. %t"/>
      <l:template name="sect4" text="%n. %t"/>
      <l:template name="sect5" text="%n. %t"/>
      <l:template name="section" text="%n. %t"/>
      <l:template name="simplesect" text="%t"/>
   </l:context>

   <l:context name="subtitle">
      <l:template name="appendix" text="%s"/>
      <l:template name="article" text="%s"/>
      <l:template name="bibliodiv" text="%s"/>
      <l:template name="biblioentry" text="%s"/>
      <l:template name="bibliography" text="%s"/>
      <l:template name="bibliomixed" text="%s"/>
      <l:template name="bibliomset" text="%s"/>
      <l:template name="biblioset" text="%s"/>
      <l:template name="book" text="%s"/>
      <l:template name="chapter" text="%s"/>
      <l:template name="colophon" text="%s"/>
      <l:template name="dedication" text="%s"/>
      <l:template name="glossary" text="%s"/>
      <l:template name="glossdiv" text="%s"/>
      <l:template name="index" text="%s"/>
      <l:template name="indexdiv" text="%s"/>
      <l:template name="lot" text="%s"/>
      <l:template name="part" text="%s"/>
      <l:template name="partintro" text="%s"/>
      <l:template name="preface" text="%s"/>
      <l:template name="refentry" text="%s"/>
      <l:template name="reference" text="%s"/>
      <l:template name="refsect1" text="%s"/>
      <l:template name="refsect2" text="%s"/>
      <l:template name="refsect3" text="%s"/>
      <l:template name="refsynopsisdiv" text="%s"/>
      <l:template name="sect1" text="%s"/>
      <l:template name="sect2" text="%s"/>
      <l:template name="sect3" text="%s"/>
      <l:template name="sect4" text="%s"/>
      <l:template name="sect5" text="%s"/>
      <l:template name="section" text="%s"/>
      <l:template name="set" text="%s"/>
      <l:template name="setindex" text="%s"/>
      <l:template name="sidebar" text="%s"/>
      <l:template name="simplesect" text="%s"/>
      <l:template name="toc" text="%s"/>
   </l:context>

   <l:context name="xref">
      <l:template name="abstract" text="%t"/>
      <l:template name="answer" text="E:&#160;%n"/>
      <l:template name="appendix" text="Eranskina %n"/>
      <l:template name="article" text="%t"/>
      <l:template name="authorblurb" text="%t"/>
      <l:template name="bibliodiv" text="%t"/>
      <l:template name="bibliography" text="%t"/>
      <l:template name="bibliomset" text="%t"/>
      <l:template name="biblioset" text="%t"/>
      <l:template name="blockquote" text="%t"/>
      <l:template name="book" text="%t"/>
      <l:template name="calloutlist" text="%t"/>
      <l:template name="caution" text="%t"/>
      <l:template name="chapter" text="Atala %n"/>
      <l:template name="colophon" text="%t"/>
      <l:template name="constraintdef" text="%t"/>
      <l:template name="dedication" text="%t"/>
      <l:template name="equation" text="Ekuazioa&#160;%n"/>
      <l:template name="example" text="Adibidea %n"/>
      <l:template name="figure" text="Irudia %n"/>
      <l:template name="formalpara" text="%t"/>
      <l:template name="glossary" text="%t"/>
      <l:template name="glossdiv" text="%t"/>
      <l:template name="important" text="%t"/>
      <l:template name="index" text="%t"/>
      <l:template name="indexdiv" text="%t"/>
      <l:template name="itemizedlist" text="%t"/>
      <l:template name="legalnotice" text="%t"/>
      <l:template name="listitem" text="%n"/>
      <l:template name="lot" text="%t"/>
      <l:template name="msg" text="%t"/>
      <l:template name="msgexplan" text="%t"/>
      <l:template name="msgmain" text="%t"/>
      <l:template name="msgrel" text="%t"/>
      <l:template name="msgset" text="%t"/>
      <l:template name="msgsub" text="%t"/>
      <l:template name="note" text="%t"/>
      <l:template name="orderedlist" text="%t"/>
      <l:template name="part" text="Zatia %n"/>
      <l:template name="partintro" text="%t"/>
      <l:template name="preface" text="%t"/>
      <l:template name="procedure" text="Prozedura&#160;%n"/>
      <l:template name="productionset" text="%t"/>
      <l:template name="qandadiv" text="%t"/>
      <l:template name="qandaentry" text="Galdera&#160;%n"/>
      <l:template name="qandaset" text="%t"/>
      <l:template name="question" text="Galdera&#160;%n"/>
      <l:template name="reference" text="%t"/>
      <l:template name="refsect1" text="%t"/>
      <l:template name="refsect2" text="%t"/>
      <l:template name="refsect3" text="%t"/>
      <l:template name="refsynopsisdiv" text="%t"/>
      <l:template name="segmentedlist" text="%t"/>
      <l:template name="set" text="%t"/>
      <l:template name="setindex" text="%t"/>
      <l:template name="sidebar" text="%t"/>
      <l:template name="table" text="Taula %n"/>
      <l:template name="tip" text="%t"/>
      <l:template name="toc" text="%t"/>
      <l:template name="variablelist" text="%t"/>
      <l:template name="varlistentry" text="%n"/>
      <l:template name="warning" text="%t"/>
      <l:template name="page.citation" text=" [%p]"/>
   </l:context>

   <l:context name="section-xref">
      <l:template name="bridgehead" text="honela deritzon atala &#8220;%t&#8221;"/>
      <l:template name="refsect1" text="honela deritzon atala &#8220;%t&#8221;"/>
      <l:template name="refsect2" text="honela deritzon atala &#8220;%t&#8221;"/>
      <l:template name="refsect3" text="honela deritzon atala &#8220;%t&#8221;"/>
      <l:template name="sect1" text="honela deritzon atala &#8220;%t&#8221;"/>
      <l:template name="sect2" text="honela deritzon atala &#8220;%t&#8221;"/>
      <l:template name="sect3" text="honela deritzon atala &#8220;%t&#8221;"/>
      <l:template name="sect4" text="honela deritzon atala &#8220;%t&#8221;"/>
      <l:template name="sect5" text="honela deritzon atala &#8220;%t&#8221;"/>
      <l:template name="section" text="honela deritzon atala &#8220;%t&#8221;"/>
      <l:template name="simplesect" text="honela deritzon atala &#8220;%t&#8221;"/>
   </l:context>

   <l:context name="section-xref-numbered">
      <l:template name="bridgehead" text="Atala %n"/>
      <l:template name="refsect1" text="honela deritzon atala &#8220;%t&#8221;"/>
      <l:template name="refsect2" text="honela deritzon atala &#8220;%t&#8221;"/>
      <l:template name="refsect3" text="honela deritzon atala &#8220;%t&#8221;"/>
      <l:template name="sect1" text="Atala %n"/>
      <l:template name="sect2" text="Atala %n"/>
      <l:template name="sect3" text="Atala %n"/>
      <l:template name="sect4" text="Atala %n"/>
      <l:template name="sect5" text="Atala %n"/>
      <l:template name="section" text="Atala %n"/>
      <l:template name="simplesect" text="honela deritzon atala &#8220;%t&#8221;"/>
   </l:context>

   <l:context name="authorgroup">
      <l:template name="sep" text=", "/>
      <l:template name="sep2" text=" eta "/>
      <l:template name="seplast" text=", eta "/>
   </l:context>

   <l:context name="glossary">
      <l:template name="see" text="Ikus "/>
      <l:template name="seealso" text="Ikus baita ere "/>
   </l:context>

   <l:context name="msgset">
      <l:template name="MsgAud" text="Audientzia: "/>
      <l:template name="MsgLevel" text="Maila: "/>
      <l:template name="MsgOrig" text="Jatorria: "/>
   </l:context>
</l:l10n>
