<?xml version="1.0" encoding="US-ASCII"?>
<l:l10n xmlns:l="http://docbook.sourceforge.net/xmlns/l10n/1.0" language="pt_br">

<!-- This file is generated automatically. -->
<!-- Do not edit this file by hand! -->
<!-- See http://docbook.sourceforge.net/ -->
<!-- To update this file: edit the corresponding document at -->
<!-- http://cvs.sourceforge.net/cgi-bin/viewcvs.cgi/docbook/gentext/locale/ -->

   <l:gentext key="Abstract" text="Resumo"/>
   <l:gentext key="abstract" text="Resumo"/>
   <l:gentext key="Answer" text="R:"/>
   <l:gentext key="answer" text="R:"/>
   <l:gentext key="Appendix" text="Ap&#234;ndice"/>
   <l:gentext key="appendix" text="ap&#234;ndice"/>
   <l:gentext key="Article" text="Artigo"/>
   <l:gentext key="article" text="Artigo"/>
   <l:gentext key="Bibliography" text="Bibliografia"/>
   <l:gentext key="bibliography" text="Bibliografia"/>
   <l:gentext key="Book" text="Livro"/>
   <l:gentext key="book" text="Livro"/>
   <l:gentext key="CAUTION" text="CUIDADO"/>
   <l:gentext key="Caution" text="Cuidado"/>
   <l:gentext key="caution" text="Cuidado"/>
   <l:gentext key="Chapter" text="Cap&#237;tulo"/>
   <l:gentext key="chapter" text="cap&#237;tulo"/>
   <l:gentext key="Colophon" text="Considera&#231;&#245;es finais"/>
   <l:gentext key="colophon" text="Considera&#231;&#245;es finais"/>
   <l:gentext key="Copyright" text="Copyright"/>
   <l:gentext key="copyright" text="Copyright"/>
   <l:gentext key="Dedication" text="Dedicat&#243;ria"/>
   <l:gentext key="dedication" text="Dedicat&#243;ria"/>
   <l:gentext key="Edition" text="Edi&#231;&#227;o"/>
   <l:gentext key="edition" text="Edi&#231;&#227;o"/>
   <l:gentext key="Equation" text="Equa&#231;&#227;o"/>
   <l:gentext key="equation" text="Equa&#231;&#227;o"/>
   <l:gentext key="Example" text="Exemplo"/>
   <l:gentext key="example" text="Exemplo"/>
   <l:gentext key="Figure" text="Figura"/>
   <l:gentext key="figure" text="Figura"/>
   <l:gentext key="Glossary" text="Gloss&#225;rio"/>
   <l:gentext key="glossary" text="Gloss&#225;rio"/>
   <l:gentext key="GlossSee" text="Ver"/>
   <l:gentext key="glosssee" text="Ver"/>
   <l:gentext key="GlossSeeAlso" text="Ver Tamb&#233;m"/>
   <l:gentext key="glossseealso" text="Ver Tamb&#233;m"/>
   <l:gentext key="IMPORTANT" text="IMPORTANTE"/>
   <l:gentext key="Important" text="Importante"/>
   <l:gentext key="important" text="Importante"/>
   <l:gentext key="Index" text="&#205;ndice Remissivo"/>
   <l:gentext key="index" text="&#205;ndice Remissivo"/>
   <l:gentext key="ISBN" text="ISBN"/>
   <l:gentext key="isbn" text="ISBN"/>
   <l:gentext key="LegalNotice" text="Nota Legal"/>
   <l:gentext key="legalnotice" text="Nota Legal"/>
   <l:gentext key="MsgAud" text="Audi&#234;ncia"/>
   <l:gentext key="msgaud" text="Audi&#234;ncia"/>
   <l:gentext key="MsgLevel" text="N&#237;vel"/>
   <l:gentext key="msglevel" text="N&#237;vel"/>
   <l:gentext key="MsgOrig" text="Origem"/>
   <l:gentext key="msgorig" text="Origem"/>
   <l:gentext key="NOTE" text="NOTA"/>
   <l:gentext key="Note" text="Nota"/>
   <l:gentext key="note" text="Nota"/>
   <l:gentext key="Part" text="Parte"/>
   <l:gentext key="part" text="Parte"/>
   <l:gentext key="Preface" text="Pref&#225;cio"/>
   <l:gentext key="preface" text="Pref&#225;cio"/>
   <l:gentext key="Procedure" text="Procedimento"/>
   <l:gentext key="procedure" text="Procedimento"/>
   <l:gentext key="ProductionSet" text="Production"/>
   <l:gentext key="PubDate" text="Data de Publica&#231;&#227;o"/>
   <l:gentext key="pubdate" text="Data de Publica&#231;&#227;o"/>
   <l:gentext key="Published" text="Publicado"/>
   <l:gentext key="published" text="Publicado"/>
   <l:gentext key="Question" text="P:"/>
   <l:gentext key="question" text="P:"/>
   <l:gentext key="RefEntry" text=""/>
   <l:gentext key="refentry" text=""/>
   <l:gentext key="Reference" text="Refer&#234;ncia"/>
   <l:gentext key="reference" text="Refer&#234;ncia"/>
   <l:gentext key="RefName" text="Nome"/>
   <l:gentext key="refname" text="Nome"/>
   <l:gentext key="RefSection" text=""/>
   <l:gentext key="refsection" text=""/>
   <l:gentext key="RefSynopsisDiv" text="Sinopse"/>
   <l:gentext key="refsynopsisdiv" text="Sinopse"/>
   <l:gentext key="RevHistory" text="Hist&#243;rico de Revis&#245;es"/>
   <l:gentext key="revhistory" text="Hist&#243;rico de Revis&#245;es"/>
   <l:gentext key="Revision" text="Revis&#227;o"/>
   <l:gentext key="revision" text="Revis&#227;o"/>
   <l:gentext key="sect1" text="Section"/>
   <l:gentext key="sect2" text="Section"/>
   <l:gentext key="sect3" text="Section"/>
   <l:gentext key="sect4" text="Section"/>
   <l:gentext key="sect5" text="Section"/>
   <l:gentext key="Section" text="Se&#231;&#227;o"/>
   <l:gentext key="section" text="se&#231;&#227;o"/>
   <l:gentext key="See" text="Ver"/>
   <l:gentext key="see" text="Ver"/>
   <l:gentext key="SeeAlso" text="Ver Tamb&#233;m"/>
   <l:gentext key="Seealso" text="ver tamb&#233;m"/>
   <l:gentext key="seealso" text="Ver Tamb&#233;m"/>
   <l:gentext key="Set" text="Conjunto"/>
   <l:gentext key="set" text="Conjunto"/>
   <l:gentext key="SetIndex" text="&#205;ndice do Conjunto"/>
   <l:gentext key="setindex" text="&#205;ndice do Conjunto"/>
   <l:gentext key="Sidebar" text="Quadro Lateral"/>
   <l:gentext key="sidebar" text="quadro lateral"/>
   <l:gentext key="Step" text="Passo"/>
   <l:gentext key="step" text="passo"/>
   <l:gentext key="Table" text="Tabela"/>
   <l:gentext key="table" text="Tabela"/>
   <l:gentext key="TIP" text="DICA"/>
   <l:gentext key="Tip" text="Dica"/>
   <l:gentext key="tip" text="Dica"/>
   <l:gentext key="WARNING" text="ATEN&#199;&#195;O"/>
   <l:gentext key="Warning" text="Aten&#231;&#227;o"/>
   <l:gentext key="warning" text="Aten&#231;&#227;o"/>
   <l:gentext key="and" text="e"/>
   <l:gentext key="by" text="por"/>
   <l:gentext key="edited" text="Editado"/>
   <l:gentext key="Edited" text="Editado"/>
   <l:gentext key="editedby" text="Editado por"/>
   <l:gentext key="Editedby" text="Editado por"/>
   <l:gentext key="in" text=""/>
   <l:gentext key="lastlistcomma" text=","/>
   <l:gentext key="listcomma" text=","/>
   <l:gentext key="nonexistantelement" text="elemento inexistente"/>
   <l:gentext key="Notes" text="Notas"/>
   <l:gentext key="notes" text="Notas"/>
   <l:gentext key="Pgs" text="P&#225;ginas"/>
   <l:gentext key="pgs" text="P&#225;ginas"/>
   <l:gentext key="Revisedby" text="Revisado por: "/>
   <l:gentext key="revisedby" text="Revisado por: "/>
   <l:gentext key="tablenotes" text="Notas"/>
   <l:gentext key="TableNotes" text="Notas"/>
   <l:gentext key="TableofContents" text="&#205;ndice"/>
   <l:gentext key="tableofcontents" text="&#205;ndice"/>
   <l:gentext key="unexpectedelementname" text="Nome de elemento inesperado"/>
   <l:gentext key="unsupported" text="n&#227;o suportado"/>
   <l:gentext key="xrefto" text="refer&#234;ncia para"/>
   <l:gentext key="listofequations" text="Lista de Equa&#231;&#245;es"/>
   <l:gentext key="ListofEquations" text="Lista de Equa&#231;&#245;es"/>
   <l:gentext key="ListofExamples" text="Lista de Exemplos"/>
   <l:gentext key="listofexamples" text="Lista de Exemplos"/>
   <l:gentext key="ListofFigures" text="Lista de Figuras"/>
   <l:gentext key="listoffigures" text="Lista de Figuras"/>
   <l:gentext key="listoftables" text="Lista de Tabelas"/>
   <l:gentext key="ListofTables" text="Lista de Tabelas"/>
   <l:gentext key="ListofUnknown" text="Lista de ???"/>
   <l:gentext key="listofunknown" text="Lista de ???"/>
   <l:gentext key="nav-home" text="Principal"/>
   <l:gentext key="nav-next" text="Pr&#243;xima"/>
   <l:gentext key="nav-next-sibling" text="Fim"/>
   <l:gentext key="nav-prev" text="Anterior"/>
   <l:gentext key="nav-prev-sibling" text="In&#237;cio"/>
   <l:gentext key="nav-up" text="Acima"/>
   <l:gentext key="sectioncalled" text="the section called"/>
   <l:gentext key="Draft" text="Draft"/>
   <l:gentext key="above" text="above"/>
   <l:gentext key="below" text="below"/>
   <l:gentext key="index symbols" text="Symbols"/>
   <l:gentext key="lowercase.alpha" text="abcdefghijklmnopqrstuvwxyz"/>
   <l:gentext key="uppercase.alpha" text="ABCDEFGHIJKLMNOPQRSTUVWXYZ"/>
   <l:dingbat key="startquote" text="&#8220;"/>
   <l:dingbat key="endquote" text="&#8221;"/>
   <l:dingbat key="nestedstartquote" text="&#8216;"/>
   <l:dingbat key="nestedendquote" text="&#8217;"/>
   <l:dingbat key="bullet" text="&#8226;"/>

   <l:context name="title">
      <l:template name="abstract" text="%t"/>
      <l:template name="answer" text="%t"/>
      <l:template name="appendix" text="Ap&#234;ndice %n. %t"/>
      <l:template name="article" text="%t"/>
      <l:template name="authorblurb" text="%t"/>
      <l:template name="bibliodiv" text="%t"/>
      <l:template name="biblioentry" text="%t"/>
      <l:template name="bibliography" text="%t"/>
      <l:template name="bibliomixed" text="%t"/>
      <l:template name="bibliomset" text="%t"/>
      <l:template name="biblioset" text="%t"/>
      <l:template name="blockquote" text="%t"/>
      <l:template name="book" text="%t"/>
      <l:template name="calloutlist" text="%t"/>
      <l:template name="caution" text="%t"/>
      <l:template name="chapter" text="Cap&#237;tulo %n. %t"/>
      <l:template name="colophon" text="%t"/>
      <l:template name="dedication" text="%t"/>
      <l:template name="equation" text="Equa&#231;&#227;o %n. %t"/>
      <l:template name="example" text="Exemplo %n. %t"/>
      <l:template name="figure" text="Figura %n. %t"/>
      <l:template name="formalpara" text="%t"/>
      <l:template name="glossary" text="%t"/>
      <l:template name="glossdiv" text="%t"/>
      <l:template name="important" text="%t"/>
      <l:template name="index" text="%t"/>
      <l:template name="indexdiv" text="%t"/>
      <l:template name="itemizedlist" text="%t"/>
      <l:template name="legalnotice" text="%t"/>
      <l:template name="listitem" text=""/>
      <l:template name="lot" text="%t"/>
      <l:template name="msg" text="%t"/>
      <l:template name="msgexplan" text="%t"/>
      <l:template name="msgmain" text="%t"/>
      <l:template name="msgrel" text="%t"/>
      <l:template name="msgset" text="%t"/>
      <l:template name="msgsub" text="%t"/>
      <l:template name="note" text="%t"/>
      <l:template name="orderedlist" text="%t"/>
      <l:template name="part" text="Parte %n. %t"/>
      <l:template name="partintro" text="%t"/>
      <l:template name="preface" text="%t"/>
      <l:template name="procedure" text="%t"/>
      <l:template name="procedure.formal" text="Procedimento&#160;%n.&#160;%t"/>
      <l:template name="productionset" text="%t"/>
      <l:template name="productionset.formal" text="Production&#160;%n"/>
      <l:template name="qandadiv" text="%t"/>
      <l:template name="qandaentry" text="%t"/>
      <l:template name="qandaset" text="%t"/>
      <l:template name="question" text="%t"/>
      <l:template name="refentry" text="%t"/>
      <l:template name="reference" text="%t"/>
      <l:template name="refsect1" text="%t"/>
      <l:template name="refsect2" text="%t"/>
      <l:template name="refsect3" text="%t"/>
      <l:template name="refsynopsisdiv" text="%t"/>
      <l:template name="refsynopsisdivinfo" text="%t"/>
      <l:template name="segmentedlist" text="%t"/>
      <l:template name="set" text="%t"/>
      <l:template name="setindex" text="%t"/>
      <l:template name="sidebar" text="%t"/>
      <l:template name="step" text="%t"/>
      <l:template name="table" text="Tabela %n. %t"/>
      <l:template name="tip" text="%t"/>
      <l:template name="toc" text="%t"/>
      <l:template name="variablelist" text="%t"/>
      <l:template name="warning" text="%t"/>
   </l:context>

   <l:context name="title-unnumbered">
      <l:template name="appendix" text="%t"/>
      <l:template name="bridgehead" text="%t"/>
      <l:template name="chapter" text="%t"/>
      <l:template name="sect1" text="%t"/>
      <l:template name="sect2" text="%t"/>
      <l:template name="sect3" text="%t"/>
      <l:template name="sect4" text="%t"/>
      <l:template name="sect5" text="%t"/>
      <l:template name="section" text="%t"/>
      <l:template name="simplesect" text="%t"/>
   </l:context>

   <l:context name="title-numbered">
      <l:template name="appendix" text="Ap&#234;ndice %n. %t"/>
      <l:template name="bridgehead" text="%t"/>
      <l:template name="chapter" text="Cap&#237;tulo %n. %t"/>
      <l:template name="sect1" text="%n. %t"/>
      <l:template name="sect2" text="%n. %t"/>
      <l:template name="sect3" text="%n. %t"/>
      <l:template name="sect4" text="%n. %t"/>
      <l:template name="sect5" text="%n. %t"/>
      <l:template name="section" text="%n. %t"/>
      <l:template name="simplesect" text="%n. %t"/>
   </l:context>

   <l:context name="subtitle">
      <l:template name="appendix" text="%s"/>
      <l:template name="article" text="%s"/>
      <l:template name="bibliodiv" text="%s"/>
      <l:template name="biblioentry" text="%s"/>
      <l:template name="bibliography" text="%s"/>
      <l:template name="bibliomixed" text="%s"/>
      <l:template name="bibliomset" text="%s"/>
      <l:template name="biblioset" text="%s"/>
      <l:template name="book" text="%s"/>
      <l:template name="chapter" text="%s"/>
      <l:template name="colophon" text="%s"/>
      <l:template name="dedication" text="%s"/>
      <l:template name="glossary" text="%s"/>
      <l:template name="glossdiv" text="%s"/>
      <l:template name="index" text="%s"/>
      <l:template name="indexdiv" text="%s"/>
      <l:template name="lot" text="%s"/>
      <l:template name="part" text="%s"/>
      <l:template name="partintro" text="%s"/>
      <l:template name="preface" text="%s"/>
      <l:template name="refentry" text="%s"/>
      <l:template name="reference" text="%s"/>
      <l:template name="refsect1" text="%s"/>
      <l:template name="refsect2" text="%s"/>
      <l:template name="refsect3" text="%s"/>
      <l:template name="refsynopsisdiv" text="%s"/>
      <l:template name="sect1" text="%s"/>
      <l:template name="sect2" text="%s"/>
      <l:template name="sect3" text="%s"/>
      <l:template name="sect4" text="%s"/>
      <l:template name="sect5" text="%s"/>
      <l:template name="section" text="%s"/>
      <l:template name="set" text="%s"/>
      <l:template name="setindex" text="%s"/>
      <l:template name="sidebar" text="%s"/>
      <l:template name="simplesect" text="%s"/>
      <l:template name="toc" text="%s"/>
   </l:context>

   <l:context name="xref">
      <l:template name="abstract" text="%t"/>
      <l:template name="answer" text="R:&#160;%n"/>
      <l:template name="appendix" text="Ap&#234;ndice %n. %t"/>
      <l:template name="article" text="%t"/>
      <l:template name="authorblurb" text="%t"/>
      <l:template name="bibliodiv" text="%t"/>
      <l:template name="bibliography" text="%t"/>
      <l:template name="bibliomset" text="%t"/>
      <l:template name="biblioset" text="%t"/>
      <l:template name="blockquote" text="%t"/>
      <l:template name="book" text="%t"/>
      <l:template name="calloutlist" text="%t"/>
      <l:template name="caution" text="%t"/>
      <l:template name="chapter" text="Cap&#237;tulo %n. %t"/>
      <l:template name="colophon" text="%t"/>
      <l:template name="constraintdef" text="%t"/>
      <l:template name="dedication" text="%t"/>
      <l:template name="equation" text="Equa&#231;&#227;o&#160;%n"/>
      <l:template name="example" text="Exemplo %n. %t"/>
      <l:template name="figure" text="Figura %n. %t"/>
      <l:template name="formalpara" text="%t"/>
      <l:template name="glossary" text="%t"/>
      <l:template name="glossdiv" text="%t"/>
      <l:template name="important" text="%t"/>
      <l:template name="index" text="%t"/>
      <l:template name="indexdiv" text="%t"/>
      <l:template name="itemizedlist" text="%t"/>
      <l:template name="legalnotice" text="%t"/>
      <l:template name="listitem" text="%n"/>
      <l:template name="lot" text="%t"/>
      <l:template name="msg" text="%t"/>
      <l:template name="msgexplan" text="%t"/>
      <l:template name="msgmain" text="%t"/>
      <l:template name="msgrel" text="%t"/>
      <l:template name="msgset" text="%t"/>
      <l:template name="msgsub" text="%t"/>
      <l:template name="note" text="%t"/>
      <l:template name="orderedlist" text="%t"/>
      <l:template name="part" text="Parte %n. %t"/>
      <l:template name="partintro" text="%t"/>
      <l:template name="preface" text="%t"/>
      <l:template name="procedure" text="Procedimento&#160;%n"/>
      <l:template name="productionset" text="%t"/>
      <l:template name="qandadiv" text="%t"/>
      <l:template name="qandaentry" text="P:&#160;%n"/>
      <l:template name="qandaset" text="%t"/>
      <l:template name="question" text="P:&#160;%n"/>
      <l:template name="reference" text="%t"/>
      <l:template name="refsect1" text="%t"/>
      <l:template name="refsect2" text="%t"/>
      <l:template name="refsect3" text="%t"/>
      <l:template name="refsynopsisdiv" text="%t"/>
      <l:template name="segmentedlist" text="%t"/>
      <l:template name="set" text="%t"/>
      <l:template name="setindex" text="%t"/>
      <l:template name="sidebar" text="%t"/>
      <l:template name="table" text="Tabela %n. %t"/>
      <l:template name="tip" text="%t"/>
      <l:template name="toc" text="%t"/>
      <l:template name="variablelist" text="%t"/>
      <l:template name="varlistentry" text="%n"/>
      <l:template name="warning" text="%t"/>
      <l:template name="page.citation" text=" [%p]"/>
   </l:context>

   <l:context name="section-xref">
      <l:template name="bridgehead" text="&#8220;%t&#8221;"/>
      <l:template name="refsect1" text="&#8220;%t&#8221;"/>
      <l:template name="refsect2" text="&#8220;%t&#8221;"/>
      <l:template name="refsect3" text="&#8220;%t&#8221;"/>
      <l:template name="sect1" text="&#8220;%t&#8221;"/>
      <l:template name="sect2" text="&#8220;%t&#8221;"/>
      <l:template name="sect3" text="&#8220;%t&#8221;"/>
      <l:template name="sect4" text="&#8220;%t&#8221;"/>
      <l:template name="sect5" text="&#8220;%t&#8221;"/>
      <l:template name="section" text="&#8220;%t&#8221;"/>
      <l:template name="simplesect" text="&#8220;%t&#8221;"/>
   </l:context>

   <l:context name="section-xref-numbered">
      <l:template name="bridgehead" text="&#8220;%t&#8221;"/>
      <l:template name="refsect1" text="&#8220;%t&#8221;"/>
      <l:template name="refsect2" text="&#8220;%t&#8221;"/>
      <l:template name="refsect3" text="&#8220;%t&#8221;"/>
      <l:template name="sect1" text="Se&#231;&#227;o %n"/>
      <l:template name="sect2" text="Se&#231;&#227;o %n"/>
      <l:template name="sect3" text="Se&#231;&#227;o %n"/>
      <l:template name="sect4" text="Se&#231;&#227;o %n"/>
      <l:template name="sect5" text="Se&#231;&#227;o %n"/>
      <l:template name="section" text="Se&#231;&#227;o %n"/>
      <l:template name="simplesect" text="&#8220;%t&#8221;"/>
   </l:context>

   <l:context name="authorgroup">
      <l:template name="sep" text=", "/>
      <l:template name="sep2" text=" e "/>
      <l:template name="seplast" text=", e "/>
   </l:context>

   <l:context name="glossary">
      <l:template name="see" text="Ver "/>
      <l:template name="seealso" text="Ver Tamb&#233;m "/>
   </l:context>

   <l:context name="msgset">
      <l:template name="MsgAud" text="Audi&#234;ncia: "/>
      <l:template name="MsgLevel" text="N&#237;vel: "/>
      <l:template name="MsgOrig" text="Origem: "/>
   </l:context>
</l:l10n>
