<?xml version="1.0" encoding="US-ASCII"?>
<l:l10n xmlns:l="http://docbook.sourceforge.net/xmlns/l10n/1.0" language="he">

<!-- This file is generated automatically. -->
<!-- Do not edit this file by hand! -->
<!-- See http://docbook.sourceforge.net/ -->
<!-- To update this file: edit the corresponding document at -->
<!-- http://cvs.sourceforge.net/cgi-bin/viewcvs.cgi/docbook/gentext/locale/ -->

   <l:gentext key="Abstract" text="&#1505;&#1497;&#1499;&#1493;&#1501;"/>
   <l:gentext key="abstract" text="&#1505;&#1497;&#1499;&#1493;&#1501;"/>
   <l:gentext key="Answer" text="&#1514;:"/>
   <l:gentext key="answer" text="&#1514;:"/>
   <l:gentext key="Appendix" text="&#1504;&#1505;&#1508;&#1495;"/>
   <l:gentext key="appendix" text="&#1504;&#1505;&#1508;&#1495;"/>
   <l:gentext key="Article" text="&#1502;&#1488;&#1502;&#1512;"/>
   <l:gentext key="article" text="&#1502;&#1488;&#1502;&#1512;"/>
   <l:gentext key="Bibliography" text="&#1489;&#1497;&#1489;&#1500;&#1497;&#1493;&#1490;&#1512;&#1508;&#1497;&#1492;"/>
   <l:gentext key="bibliography" text="&#1489;&#1497;&#1489;&#1500;&#1497;&#1493;&#1490;&#1512;&#1508;&#1497;&#1492;"/>
   <l:gentext key="Book" text="&#1505;&#1508;&#1512;"/>
   <l:gentext key="book" text="&#1505;&#1508;&#1512;"/>
   <l:gentext key="CAUTION" text="&#1488;&#1494;&#1492;&#1512;&#1492;"/>
   <l:gentext key="Caution" text="&#1488;&#1494;&#1492;&#1512;&#1492;"/>
   <l:gentext key="caution" text="&#1488;&#1494;&#1492;&#1512;&#1492;"/>
   <l:gentext key="Chapter" text="&#1508;&#1512;&#1511;"/>
   <l:gentext key="chapter" text="&#1508;&#1512;&#1511;"/>
   <l:gentext key="Colophon" text="&#1511;&#1493;&#1500;&#1493;&#1508;&#1493;&#1503;"/>
   <l:gentext key="colophon" text="&#1511;&#1493;&#1500;&#1493;&#1508;&#1493;&#1503;"/>
   <l:gentext key="Copyright" text="&#1494;&#1499;&#1493;&#1497;&#1493;&#1514; &#1497;&#1493;&#1510;&#1512;&#1497;&#1501;"/>
   <l:gentext key="copyright" text="&#1494;&#1499;&#1493;&#1497;&#1493;&#1514; &#1497;&#1493;&#1510;&#1512;&#1497;&#1501;"/>
   <l:gentext key="Dedication" text="&#1492;&#1511;&#1491;&#1513;&#1492;"/>
   <l:gentext key="dedication" text="&#1492;&#1511;&#1491;&#1513;&#1492;"/>
   <l:gentext key="Edition" text="&#1502;&#1492;&#1491;&#1493;&#1512;&#1492;"/>
   <l:gentext key="edition" text="&#1502;&#1492;&#1491;&#1493;&#1512;&#1492;"/>
   <l:gentext key="Equation" text="&#1502;&#1513;&#1493;&#1493;&#1488;&#1492;"/>
   <l:gentext key="equation" text="&#1502;&#1513;&#1493;&#1493;&#1488;&#1492;"/>
   <l:gentext key="Example" text="&#1491;&#1493;&#1490;&#1502;&#1492;"/>
   <l:gentext key="example" text="&#1491;&#1493;&#1490;&#1502;&#1492;"/>
   <l:gentext key="Figure" text="&#1488;&#1497;&#1493;&#1512;"/>
   <l:gentext key="figure" text="&#1488;&#1497;&#1493;&#1512;"/>
   <l:gentext key="Glossary" text="&#1502;&#1497;&#1500;&#1493;&#1503; &#1502;&#1493;&#1504;&#1495;&#1497;&#1501;"/>
   <l:gentext key="glossary" text="&#1502;&#1497;&#1500;&#1493;&#1503; &#1502;&#1493;&#1504;&#1495;&#1497;&#1501;"/>
   <l:gentext key="GlossSee" text="&#1512;&#1488;&#1492;"/>
   <l:gentext key="glosssee" text="&#1512;&#1488;&#1492;"/>
   <l:gentext key="GlossSeeAlso" text="&#1512;&#1488;&#1492; &#1490;&#1501;"/>
   <l:gentext key="glossseealso" text="&#1512;&#1488;&#1492; &#1490;&#1501;"/>
   <l:gentext key="IMPORTANT" text="&#1495;&#1513;&#1493;&#1489;"/>
   <l:gentext key="important" text="&#1495;&#1513;&#1493;&#1489;"/>
   <l:gentext key="Important" text="&#1495;&#1513;&#1493;&#1489;"/>
   <l:gentext key="Index" text="&#1488;&#1497;&#1504;&#1491;&#1511;&#1505;"/>
   <l:gentext key="index" text="&#1488;&#1497;&#1504;&#1491;&#1511;&#1505;"/>
   <l:gentext key="ISBN" text="&#1502;&#1505;&#1508;&#1512; &#1505;&#1508;&#1512; &#1505;&#1496;&#1504;&#1491;&#1512;&#1496;&#1497; &#1489;&#1497;&#1504;&#1500;&#1488;&#1493;&#1502;&#1497;"/>
   <l:gentext key="isbn" text="&#1502;&#1505;&#1508;&#1512; &#1505;&#1508;&#1512; &#1505;&#1496;&#1504;&#1491;&#1512;&#1496;&#1497; &#1489;&#1497;&#1504;&#1500;&#1488;&#1493;&#1502;&#1497;"/>
   <l:gentext key="LegalNotice" text="&#1492;&#1493;&#1491;&#1506;&#1492; &#1502;&#1513;&#1508;&#1496;&#1497;&#1514;"/>
   <l:gentext key="legalnotice" text="&#1492;&#1493;&#1491;&#1506;&#1492; &#1502;&#1513;&#1508;&#1496;&#1497;&#1514;"/>
   <l:gentext key="MsgAud" text="&#1511;&#1492;&#1500; &#1497;&#1506;&#1491;"/>
   <l:gentext key="msgaud" text="&#1511;&#1492;&#1500; &#1497;&#1506;&#1491;"/>
   <l:gentext key="MsgLevel" text="&#1512;&#1502;&#1492;"/>
   <l:gentext key="msglevel" text="&#1512;&#1502;&#1492;"/>
   <l:gentext key="MsgOrig" text="&#1502;&#1511;&#1493;&#1512;"/>
   <l:gentext key="msgorig" text="&#1502;&#1511;&#1493;&#1512;"/>
   <l:gentext key="NOTE" text="&#1513;&#1497;&#1501; &#1500;&#1489;"/>
   <l:gentext key="Note" text="&#1513;&#1497;&#1501; &#1500;&#1489;"/>
   <l:gentext key="note" text="&#1513;&#1497;&#1501; &#1500;&#1489;"/>
   <l:gentext key="Part" text="&#1495;&#1500;&#1511;"/>
   <l:gentext key="part" text="&#1495;&#1500;&#1511;"/>
   <l:gentext key="Preface" text="&#1502;&#1489;&#1493;&#1488;"/>
   <l:gentext key="preface" text="&#1502;&#1489;&#1493;&#1488;"/>
   <l:gentext key="Procedure" text="&#1492;&#1500;&#1497;&#1498;"/>
   <l:gentext key="procedure" text="&#1492;&#1500;&#1497;&#1498;"/>
   <l:gentext key="ProductionSet" text="&#1497;&#1497;&#1510;&#1493;&#1512;"/>
   <l:gentext key="Published" text="&#1492;&#1493;&#1510;&#1488; &#1500;&#1488;&#1493;&#1512;"/>
   <l:gentext key="published" text="&#1492;&#1493;&#1510;&#1488; &#1500;&#1488;&#1493;&#1512;"/>
   <l:gentext key="Question" text="&#1513;:"/>
   <l:gentext key="question" text="&#1513;:"/>
   <l:gentext key="RefEntry" text=""/>
   <l:gentext key="refentry" text=""/>
   <l:gentext key="Reference" text="&#1502;&#1512;&#1488;&#1492; &#1502;&#1511;&#1493;&#1501;"/>
   <l:gentext key="reference" text="&#1502;&#1512;&#1488;&#1492; &#1502;&#1511;&#1493;&#1501;"/>
   <l:gentext key="RefName" text="&#1513;&#1501;"/>
   <l:gentext key="refname" text="&#1513;&#1501;"/>
   <l:gentext key="RefSection" text=""/>
   <l:gentext key="refsection" text=""/>
   <l:gentext key="RefSynopsisDiv" text="&#1514;&#1502;&#1510;&#1497;&#1514;"/>
   <l:gentext key="refsynopsisdiv" text="&#1514;&#1502;&#1510;&#1497;&#1514;"/>
   <l:gentext key="RevHistory" text="&#1492;&#1497;&#1505;&#1496;&#1493;&#1512;&#1497;&#1497;&#1514; &#1490;&#1497;&#1512;&#1505;&#1488;&#1493;&#1514;"/>
   <l:gentext key="revhistory" text="&#1492;&#1497;&#1505;&#1496;&#1493;&#1512;&#1497;&#1497;&#1514; &#1490;&#1497;&#1512;&#1505;&#1488;&#1493;&#1514;"/>
   <l:gentext key="revision" text="&#1490;&#1497;&#1512;&#1505;&#1492;"/>
   <l:gentext key="Revision" text="&#1490;&#1497;&#1512;&#1505;&#1492;"/>
   <l:gentext key="sect1" text="&#1505;&#1506;&#1497;&#1507;"/>
   <l:gentext key="sect2" text="&#1505;&#1506;&#1497;&#1507;"/>
   <l:gentext key="sect3" text="&#1505;&#1506;&#1497;&#1507;"/>
   <l:gentext key="sect4" text="&#1505;&#1506;&#1497;&#1507;"/>
   <l:gentext key="sect5" text="&#1505;&#1506;&#1497;&#1507;"/>
   <l:gentext key="section" text="&#1505;&#1506;&#1497;&#1507;"/>
   <l:gentext key="Section" text="&#1505;&#1506;&#1497;&#1507;"/>
   <l:gentext key="See" text="&#1512;&#1488;&#1492;"/>
   <l:gentext key="see" text="&#1512;&#1488;&#1492;"/>
   <l:gentext key="SeeAlso" text="&#1512;&#1488;&#1492; &#1490;&#1501;"/>
   <l:gentext key="seealso" text="&#1512;&#1488;&#1492; &#1490;&#1501;"/>
   <l:gentext key="Seealso" text="&#1512;&#1488;&#1492; &#1490;&#1501;"/>
   <l:gentext key="set" text="&#1505;&#1497;&#1491;&#1512;&#1492;"/>
   <l:gentext key="Set" text="&#1505;&#1497;&#1491;&#1512;&#1492;"/>
   <l:gentext key="setindex" text="&#1488;&#1497;&#1504;&#1511;&#1491;&#1511;&#1505; &#1505;&#1491;&#1512;&#1493;&#1514;"/>
   <l:gentext key="SetIndex" text="&#1488;&#1497;&#1504;&#1491;&#1511;&#1505; &#1505;&#1491;&#1512;&#1493;&#1514;"/>
   <l:gentext key="Sidebar" text=""/>
   <l:gentext key="sidebar" text="&#1508;&#1505; &#1510;&#1491;&#1491;&#1497;"/>
   <l:gentext key="step" text="&#1510;&#1506;&#1491;"/>
   <l:gentext key="Step" text="&#1510;&#1506;&#1491;"/>
   <l:gentext key="Table" text="&#1496;&#1489;&#1500;&#1492;"/>
   <l:gentext key="table" text="&#1496;&#1489;&#1500;&#1492;"/>
   <l:gentext key="tip" text="&#1506;&#1510;&#1492;"/>
   <l:gentext key="TIP" text="&#1506;&#1510;&#1492;"/>
   <l:gentext key="Tip" text="&#1506;&#1510;&#1492;"/>
   <l:gentext key="Warning" text="&#1488;&#1494;&#1492;&#1512;&#1492;"/>
   <l:gentext key="warning" text="&#1488;&#1494;&#1492;&#1512;&#1492;"/>
   <l:gentext key="WARNING" text="&#1488;&#1494;&#1492;&#1512;&#1492;"/>
   <l:gentext key="and" text="&#1493;"/>
   <l:gentext key="by" text="&#1502;&#1488;&#1514;"/>
   <l:gentext key="Edited" text="&#1504;&#1506;&#1512;&#1498;"/>
   <l:gentext key="edited" text="&#1504;&#1506;&#1512;&#1498;"/>
   <l:gentext key="Editedby" text="&#1504;&#1506;&#1512;&#1498; &#1506;&#1500; &#1497;&#1491;&#1497;"/>
   <l:gentext key="editedby" text="&#1504;&#1506;&#1512;&#1498; &#1506;&#1500; &#1497;&#1491;&#1497;"/>
   <l:gentext key="in" text="&#1489;"/>
   <l:gentext key="lastlistcomma" text=","/>
   <l:gentext key="listcomma" text=","/>
   <l:gentext key="nonexistantelement" text="&#1502;&#1512;&#1499;&#1497;&#1489; &#1513;&#1488;&#1497;&#1504;&#1493; &#1511;&#1497;&#1497;&#1501;"/>
   <l:gentext key="notes" text="&#1492;&#1506;&#1512;&#1493;&#1514;"/>
   <l:gentext key="Notes" text="&#1492;&#1506;&#1512;&#1493;&#1514;"/>
   <l:gentext key="Pgs" text="&#1506;&#1502;&#1493;&#1491;&#1497;&#1501;"/>
   <l:gentext key="pgs" text="&#1506;&#1502;&#1493;&#1491;&#1497;&#1501;"/>
   <l:gentext key="Revisedby" text="&#1492;&#1493;&#1490;&#1492; &#1506;&#1500; &#1497;&#1491;&#1497;: "/>
   <l:gentext key="revisedby" text="&#1492;&#1493;&#1490;&#1492; &#1506;&#1500; &#1497;&#1491;&#1497;: "/>
   <l:gentext key="TableNotes" text="&#1492;&#1506;&#1512;&#1493;&#1514;"/>
   <l:gentext key="tablenotes" text="&#1492;&#1506;&#1512;&#1493;&#1514;"/>
   <l:gentext key="TableofContents" text="&#1514;&#1493;&#1499;&#1503; &#1492;&#1506;&#1504;&#1497;&#1497;&#1504;&#1497;&#1501;"/>
   <l:gentext key="tableofcontents" text="&#1514;&#1493;&#1499;&#1503; &#1492;&#1506;&#1504;&#1497;&#1497;&#1504;&#1497;&#1501;"/>
   <l:gentext key="unexpectedelementname" text="&#1513;&#1501; &#1502;&#1512;&#1499;&#1497;&#1489; &#1489;&#1500;&#1514;&#1497; &#1510;&#1508;&#1493;&#1497;"/>
   <l:gentext key="unsupported" text="&#1500;&#1488; &#1504;&#1514;&#1502;&#1498;"/>
   <l:gentext key="xrefto" text="&#1492;&#1514;&#1497;&#1497;&#1495;&#1505;&#1493;&#1514; &#1510;&#1493;&#1500;&#1489;&#1514; &#1488;&#1500;"/>
   <l:gentext key="listofequations" text="&#1512;&#1513;&#1497;&#1502;&#1514; &#1502;&#1513;&#1493;&#1493;&#1488;&#1493;&#1514;"/>
   <l:gentext key="ListofEquations" text="&#1512;&#1513;&#1497;&#1502;&#1514; &#1502;&#1513;&#1493;&#1493;&#1488;&#1493;&#1514;"/>
   <l:gentext key="ListofExamples" text="&#1512;&#1513;&#1497;&#1502;&#1514; &#1491;&#1493;&#1490;&#1502;&#1488;&#1493;&#1514;"/>
   <l:gentext key="listofexamples" text="&#1512;&#1513;&#1497;&#1502;&#1514; &#1491;&#1493;&#1490;&#1502;&#1488;&#1493;&#1514;"/>
   <l:gentext key="ListofFigures" text="&#1512;&#1513;&#1497;&#1502;&#1514; &#1488;&#1497;&#1493;&#1512;&#1497;&#1501;"/>
   <l:gentext key="listoffigures" text="&#1512;&#1513;&#1497;&#1502;&#1514; &#1488;&#1497;&#1493;&#1512;&#1497;&#1501;"/>
   <l:gentext key="listoftables" text="&#1512;&#1513;&#1497;&#1502;&#1514; &#1496;&#1489;&#1500;&#1488;&#1493;&#1514;"/>
   <l:gentext key="ListofTables" text="&#1512;&#1513;&#1497;&#1502;&#1514; &#1496;&#1489;&#1500;&#1488;&#1493;&#1514;"/>
   <l:gentext key="ListofUnknown" text="&#1512;&#1513;&#1497;&#1502;&#1492; &#1513;&#1500; &#1502;&#1512;&#1499;&#1497;&#1489;&#1497;&#1501; &#1500;&#1488; &#1497;&#1491;&#1493;&#1506;&#1497;&#1501;"/>
   <l:gentext key="listofunknown" text="&#1512;&#1513;&#1497;&#1502;&#1492; &#1513;&#1500; &#1502;&#1512;&#1499;&#1497;&#1489;&#1497;&#1501; &#1500;&#1488; &#1497;&#1491;&#1493;&#1506;&#1497;&#1501;"/>
   <l:gentext key="nav-home" text="&#1512;&#1488;&#1513;&#1497;"/>
   <l:gentext key="nav-next" text="&#1492;&#1489;&#1488;"/>
   <l:gentext key="nav-next-sibling" text="&#1491;&#1500;&#1490; &#1500;&#1505;&#1493;&#1507;"/>
   <l:gentext key="nav-prev" text="&#1492;&#1511;&#1493;&#1491;&#1501;"/>
   <l:gentext key="nav-prev-sibling" text="&#1495;&#1494;&#1493;&#1512; &#1500;&#1492;&#1514;&#1495;&#1500;&#1492;"/>
   <l:gentext key="nav-up" text="&#1500;&#1502;&#1506;&#1500;&#1492;"/>
   <l:gentext key="sectioncalled" text="&#1492;&#1505;&#1506;&#1497;&#1507; &#1513;&#1504;&#1511;&#1512;&#1488;"/>
   <l:gentext key="index symbols" text="&#1505;&#1502;&#1500;&#1497;&#1501;"/>
   <l:gentext key="lowercase.alpha" text="abcdefghijklmnopqrstuvwxyz"/>
   <l:gentext key="uppercase.alpha" text="ABCDEFGHIJKLMNOPQRSTUVWXYZ"/>
   <l:dingbat key="startquote" text="&#8220;"/>
   <l:dingbat key="endquote" text="&#8221;"/>
   <l:dingbat key="nestedstartquote" text="&#8216;"/>
   <l:dingbat key="nestedendquote" text="&#8217;"/>
   <l:dingbat key="bullet" text="&#8226;"/>

   <l:context name="title">
      <l:template name="abstract" text="%t"/>
      <l:template name="answer" text="%t"/>
      <l:template name="appendix" text="&#1504;&#1505;&#1508;&#1495; %n. %t"/>
      <l:template name="article" text="%t"/>
      <l:template name="authorblurb" text="%t"/>
      <l:template name="bibliodiv" text="%t"/>
      <l:template name="biblioentry" text="%t"/>
      <l:template name="bibliography" text="%t"/>
      <l:template name="bibliomixed" text="%t"/>
      <l:template name="bibliomset" text="%t"/>
      <l:template name="biblioset" text="%t"/>
      <l:template name="blockquote" text="%t"/>
      <l:template name="book" text="%t"/>
      <l:template name="calloutlist" text="%t"/>
      <l:template name="caution" text="%t"/>
      <l:template name="chapter" text="&#1508;&#1512;&#1511; %n. %t"/>
      <l:template name="colophon" text="%t"/>
      <l:template name="dedication" text="%t"/>
      <l:template name="equation" text="&#1502;&#1513;&#1493;&#1493;&#1488;&#1492; %n. %t"/>
      <l:template name="example" text="&#1491;&#1493;&#1490;&#1502;&#1492; %n. %t"/>
      <l:template name="figure" text="&#1488;&#1497;&#1493;&#1512; %n. %t"/>
      <l:template name="formalpara" text="%t"/>
      <l:template name="glossary" text="%t"/>
      <l:template name="glossdiv" text="%t"/>
      <l:template name="important" text="%t"/>
      <l:template name="index" text="%t"/>
      <l:template name="indexdiv" text="%t"/>
      <l:template name="itemizedlist" text="%t"/>
      <l:template name="legalnotice" text="%t"/>
      <l:template name="listitem" text=""/>
      <l:template name="lot" text="%t"/>
      <l:template name="msg" text="%t"/>
      <l:template name="msgexplan" text="%t"/>
      <l:template name="msgmain" text="%t"/>
      <l:template name="msgrel" text="%t"/>
      <l:template name="msgset" text="%t"/>
      <l:template name="msgsub" text="%t"/>
      <l:template name="note" text="%t"/>
      <l:template name="orderedlist" text="%t"/>
      <l:template name="part" text="&#1495;&#1500;&#1511; %n. %t"/>
      <l:template name="partintro" text="%t"/>
      <l:template name="preface" text="%t"/>
      <l:template name="procedure" text="%t"/>
      <l:template name="procedure.formal" text="&#1492;&#1500;&#1497;&#1498; %n. %t"/>
      <l:template name="productionset" text="%t"/>
      <l:template name="productionset.formal" text="&#1497;&#1497;&#1510;&#1493;&#1512; %n"/>
      <l:template name="qandadiv" text="%t"/>
      <l:template name="qandaentry" text="%t"/>
      <l:template name="qandaset" text="%t"/>
      <l:template name="question" text="%t"/>
      <l:template name="refentry" text="%t"/>
      <l:template name="reference" text="%t"/>
      <l:template name="refsect1" text="%t"/>
      <l:template name="refsect2" text="%t"/>
      <l:template name="refsect3" text="%t"/>
      <l:template name="refsynopsisdiv" text="%t"/>
      <l:template name="refsynopsisdivinfo" text="%t"/>
      <l:template name="segmentedlist" text="%t"/>
      <l:template name="set" text="%t"/>
      <l:template name="setindex" text="%t"/>
      <l:template name="sidebar" text="%t"/>
      <l:template name="step" text="%t"/>
      <l:template name="table" text="&#1496;&#1489;&#1500;&#1492; %n. %t"/>
      <l:template name="tip" text="%t"/>
      <l:template name="toc" text="%t"/>
      <l:template name="variablelist" text="%t"/>
      <l:template name="varlistentry" text=""/>
      <l:template name="warning" text="%t"/>
   </l:context>

   <l:context name="title-unnumbered">
      <l:template name="appendix" text="%t"/>
      <l:template name="bridgehead" text="%t"/>
      <l:template name="chapter" text="%t"/>
      <l:template name="sect1" text="%t"/>
      <l:template name="sect2" text="%t"/>
      <l:template name="sect3" text="%t"/>
      <l:template name="sect4" text="%t"/>
      <l:template name="sect5" text="%t"/>
      <l:template name="section" text="%t"/>
      <l:template name="simplesect" text="%t"/>
   </l:context>

   <l:context name="title-numbered">
      <l:template name="appendix" text="&#1504;&#1505;&#1508;&#1495; %n. %t"/>
      <l:template name="bridgehead" text="%n. %t"/>
      <l:template name="chapter" text="&#1508;&#1512;&#1511; %n. %t"/>
      <l:template name="sect1" text="%n. %t"/>
      <l:template name="sect2" text="%n. %t"/>
      <l:template name="sect3" text="%n. %t"/>
      <l:template name="sect4" text="%n. %t"/>
      <l:template name="sect5" text="%n. %t"/>
      <l:template name="section" text="%n. %t"/>
      <l:template name="simplesect" text="%t"/>
   </l:context>

   <l:context name="subtitle">
      <l:template name="appendix" text="%s"/>
      <l:template name="article" text="%s"/>
      <l:template name="bibliodiv" text="%s"/>
      <l:template name="biblioentry" text="%s"/>
      <l:template name="bibliography" text="%s"/>
      <l:template name="bibliomixed" text="%s"/>
      <l:template name="bibliomset" text="%s"/>
      <l:template name="biblioset" text="%s"/>
      <l:template name="book" text="%s"/>
      <l:template name="chapter" text="%s"/>
      <l:template name="colophon" text="%s"/>
      <l:template name="dedication" text="%s"/>
      <l:template name="glossary" text="%s"/>
      <l:template name="glossdiv" text="%s"/>
      <l:template name="index" text="%s"/>
      <l:template name="indexdiv" text="%s"/>
      <l:template name="lot" text="%s"/>
      <l:template name="part" text="%s"/>
      <l:template name="partintro" text="%s"/>
      <l:template name="preface" text="%s"/>
      <l:template name="refentry" text="%s"/>
      <l:template name="reference" text="%s"/>
      <l:template name="refsect1" text="%s"/>
      <l:template name="refsect2" text="%s"/>
      <l:template name="refsect3" text="%s"/>
      <l:template name="refsynopsisdiv" text="%s"/>
      <l:template name="sect1" text="%s"/>
      <l:template name="sect2" text="%s"/>
      <l:template name="sect3" text="%s"/>
      <l:template name="sect4" text="%s"/>
      <l:template name="sect5" text="%s"/>
      <l:template name="section" text="%s"/>
      <l:template name="set" text="%s"/>
      <l:template name="setindex" text="%s"/>
      <l:template name="sidebar" text="%s"/>
      <l:template name="simplesect" text="%s"/>
      <l:template name="toc" text="%s"/>
   </l:context>

   <l:context name="xref">
      <l:template name="answer" text="&#1514;: %n"/>
      <l:template name="appendix" text="&#1504;&#1505;&#1508;&#1495; %n"/>
      <l:template name="article" text="%t"/>
      <l:template name="bibliography" text="%t"/>
      <l:template name="book" text="%t"/>
      <l:template name="chapter" text="&#1508;&#1512;&#1511; %n"/>
      <l:template name="colophon" text="%t"/>
      <l:template name="dedication" text="%t"/>
      <l:template name="equation" text="&#1502;&#1513;&#1493;&#1493;&#1488;&#1492; %n"/>
      <l:template name="example" text="&#1491;&#1493;&#1490;&#1502;&#1492; %n"/>
      <l:template name="figure" text="&#1488;&#1497;&#1493;&#1512; %n"/>
      <l:template name="glossary" text="%t"/>
      <l:template name="index" text="%t"/>
      <l:template name="listitem" text="%n"/>
      <l:template name="part" text="&#1495;&#1500;&#1511; %n"/>
      <l:template name="preface" text="%t"/>
      <l:template name="procedure" text="&#1492;&#1500;&#1497;&#1498; %n"/>
      <l:template name="qandadiv" text="%t"/>
      <l:template name="qandaentry" text="&#1513;: %n"/>
      <l:template name="qandaset" text="%t"/>
      <l:template name="question" text="&#1513;: %n"/>
      <l:template name="reference" text="%t"/>
      <l:template name="set" text="%t"/>
      <l:template name="setindex" text="%t"/>
      <l:template name="table" text="&#1496;&#1489;&#1500;&#1492; %n"/>
      <l:template name="varlistentry" text="%n"/>
   </l:context>

   <l:context name="section-xref">
      <l:template name="bridgehead" text="&#1492;&#1505;&#1506;&#1497;&#1507; &#1513;&#1504;&#1511;&#1512;&#1488; &#8220;%t&#8221;"/>
      <l:template name="sect1" text="&#1492;&#1505;&#1506;&#1497;&#1507; &#1513;&#1504;&#1511;&#1512;&#1488; &#8220;%t&#8221;"/>
      <l:template name="sect2" text="&#1492;&#1505;&#1506;&#1497;&#1507; &#1513;&#1504;&#1511;&#1512;&#1488; &#8220;%t&#8221;"/>
      <l:template name="sect3" text="&#1492;&#1505;&#1506;&#1497;&#1507; &#1513;&#1504;&#1511;&#1512;&#1488; &#8220;%t&#8221;"/>
      <l:template name="sect4" text="&#1492;&#1505;&#1506;&#1497;&#1507; &#1513;&#1504;&#1511;&#1512;&#1488; &#8220;%t&#8221;"/>
      <l:template name="sect5" text="&#1492;&#1505;&#1506;&#1497;&#1507; &#1513;&#1504;&#1511;&#1512;&#1488; &#8220;%t&#8221;"/>
      <l:template name="section" text="&#1492;&#1505;&#1506;&#1497;&#1507; &#1513;&#1504;&#1511;&#1512;&#1488; &#8220;%t&#8221;"/>
      <l:template name="simplesect" text="&#1492;&#1505;&#1506;&#1497;&#1507; &#1513;&#1504;&#1511;&#1512;&#1488; &#8220;%t&#8221;"/>
   </l:context>

   <l:context name="section-xref-numbered">
      <l:template name="bridgehead" text="&#1505;&#1506;&#1497;&#1507; %n"/>
      <l:template name="sect1" text="&#1505;&#1506;&#1497;&#1507; %n"/>
      <l:template name="sect2" text="&#1505;&#1506;&#1497;&#1507; %n"/>
      <l:template name="sect3" text="&#1505;&#1506;&#1497;&#1507; %n"/>
      <l:template name="sect4" text="&#1505;&#1506;&#1497;&#1507; %n"/>
      <l:template name="sect5" text="&#1505;&#1506;&#1497;&#1507; %n"/>
      <l:template name="section" text="&#1505;&#1506;&#1497;&#1507; %n"/>
      <l:template name="simplesect" text="&#1492;&#1505;&#1506;&#1497;&#1507; &#1513;&#1504;&#1511;&#1512;&#1488; &#8220;%t&#8221;"/>
   </l:context>

   <l:context name="authorgroup">
      <l:template name="sep" text=", "/>
      <l:template name="sep2" text=" &#1493; "/>
      <l:template name="seplast" text=", &#1493; "/>
   </l:context>

   <l:context name="glossary">
      <l:template name="see" text="&#1512;&#1488;&#1492; "/>
      <l:template name="seealso" text="&#1512;&#1488;&#1492; &#1490;&#1501; "/>
   </l:context>

   <l:context name="msgset">
      <l:template name="MsgAud" text="&#1511;&#1492;&#1500; &#1497;&#1506;&#1491;: "/>
      <l:template name="MsgLevel" text="&#1512;&#1502;&#1492;: "/>
      <l:template name="MsgOrig" text="&#1502;&#1511;&#1493;&#1512;: "/>
   </l:context>
</l:l10n>
